"region_id","typhoon_no","typhoon_name","year","ty_label","mean","lower","upper"
1,"2018239N11161","JEBI",2018,"2018-JEBI",1.00221321371468,-2.8836752861239,5.13244646501435
2,"2016244N21123","NAMTHEUN",2016,"2016-NAMTHEUN",1.51168000918828,0.0527168908419503,2.91579777674483
2,"2018239N11161","JEBI",2018,"2018-JEBI",1.06722733310959,0.0373377853680453,2.05475463627411
3,"2010218N20127","DIANMU",2010,"2010-DIANMU",1.28101107057312,0.261575328463208,2.29528158435213
3,"2012263N15141","JELAWAT",2012,"2012-JELAWAT",1.43245112437865,0.291939303248581,2.56981054630017
3,"2013255N20148","MAN-YI",2013,"2013-MAN-YI",0.920467094704101,0.188274710281735,1.64745022561552
3,"2014275N06166","VONGFONG",2014,"2014-VONGFONG",1.2535660465269,0.255821043153378,2.24695997543766
3,"2016230N15138","MINDULLE",2016,"2016-MINDULLE",1.02169815825984,0.2087934939212,1.8296952858723
3,"2016244N21123","NAMTHEUN",2016,"2016-NAMTHEUN",2.31798282842549,0.788312432613575,3.9572379276642
3,"2018263N12146","TRAMI",2018,"2018-TRAMI",0.93533693569336,0.191151467666221,1.67499841415692
3,"2019278N16165","HAGIBIS",2019,"2019-HAGIBIS",1.05162910431402,0.214551211714438,1.88533639982105
4,"2010218N20127","DIANMU",2010,"2010-DIANMU",0.990960335891733,-0.0848009550381715,2.12670103423819
4,"2011253N20145","ROKE",2011,"2011-ROKE",0.826723269303808,-0.070800990519631,1.77341587965551
4,"2012263N15141","JELAWAT",2012,"2012-JELAWAT",1.76299637692223,-0.14988771443129,3.79831546014384
4,"2013255N20148","MAN-YI",2013,"2013-MAN-YI",1.08590903154534,-0.0927708393116081,2.33279827889533
4,"2014275N06166","VONGFONG",2014,"2014-VONGFONG",0.866336044465221,-0.0741688110513788,1.85875816981791
4,"2016230N15138","MINDULLE",2016,"2016-MINDULLE",1.7509218445035,-0.329194011271081,3.81118060325998
4,"2016244N21123","NAMTHEUN",2016,"2016-NAMTHEUN",2.0342638407402,0.270032952800473,3.7631736309387
4,"2018263N12146","TRAMI",2018,"2018-TRAMI",1.11019811250116,-0.0947721815904408,2.38608426881086
4,"2019278N16165","HAGIBIS",2019,"2019-HAGIBIS",1.0718124267863,-0.0914469183978113,2.30431288307222
5,"2010218N20127","DIANMU",2010,"2010-DIANMU",0.715683656402635,0.119350469303733,1.32231687843039
5,"2016244N21123","NAMTHEUN",2016,"2016-NAMTHEUN",0.608396642419449,0.1014842467503,1.12390703733988
5,"2018239N11161","JEBI",2018,"2018-JEBI",0.719814176533375,0.11980927020783,1.33161114502861
5,"2019278N16165","HAGIBIS",2019,"2019-HAGIBIS",0.491943083672478,0.0820849789294167,0.908592619254132
6,"2010218N20127","DIANMU",2010,"2010-DIANMU",0.693887015176307,0.128417106839284,1.2947668837933
6,"2012263N15141","JELAWAT",2012,"2012-JELAWAT",0.841200333218016,0.155417950991718,1.57149425925246
6,"2013255N20148","MAN-YI",2013,"2013-MAN-YI",0.530305934664662,0.0982446939681035,0.98881875077806
6,"2014275N06166","VONGFONG",2014,"2014-VONGFONG",0.50890279061306,0.0943246150387015,0.948593943630091
6,"2018239N11161","JEBI",2018,"2018-JEBI",0.502115706279788,0.0930024748783685,0.936392830797213
6,"2018263N12146","TRAMI",2018,"2018-TRAMI",0.491299640091898,0.0910315997912349,0.915994070630668
6,"2019278N16165","HAGIBIS",2019,"2019-HAGIBIS",0.587158338756225,0.108568241726194,1.09629519704474
7,"2011253N20145","ROKE",2011,"2011-ROKE",2.40569499457427,0.76534933705523,4.04273024758966
7,"2012162N06150","GUCHOL",2012,"2012-GUCHOL",2.092239590168,0.666562179485175,3.51269347003846
7,"2012263N15141","JELAWAT",2012,"2012-JELAWAT",3.48654425007606,1.10435401222432,5.87618632482596
7,"2013255N20148","MAN-YI",2013,"2013-MAN-YI",2.7029541115269,0.858070962758368,4.54876792448256
7,"2014275N06166","VONGFONG",2014,"2014-VONGFONG",2.0508080817205,0.653449484615788,3.44282928631638
7,"2016230N15138","MINDULLE",2016,"2016-MINDULLE",3.82078086568048,1.31827352553816,6.41664275564853
7,"2017288N09138","LAN",2017,"2017-LAN",2.0127684505287,0.641033802511649,3.38000306989283
7,"2018222N16147","LEEPI",2018,"2018-LEEPI",1.2920198066598,0.412647891346186,2.16560663044973
7,"2018263N12146","TRAMI",2018,"2018-TRAMI",2.5925440121985,0.822791580877913,4.36376660173637
7,"2019278N16165","HAGIBIS",2019,"2019-HAGIBIS",2.40542852096097,0.763158431393849,4.04969015996788
8,"2011253N20145","ROKE",2011,"2011-ROKE",6.14349769480356,1.30793728227899,10.8119224070892
8,"2012162N06150","GUCHOL",2012,"2012-GUCHOL",4.38545962070142,0.939475685781249,7.68817414349909
8,"2012263N15141","JELAWAT",2012,"2012-JELAWAT",3.88458261596555,0.834545601232586,6.79804479328393
8,"2013255N20148","MAN-YI",2013,"2013-MAN-YI",4.34135362211532,0.929687705186508,7.61257981363762
8,"2013282N14149","WIPHA",2013,"2013-WIPHA",3.13364453349152,0.674430407054785,5.4777615269919
8,"2014275N06166","VONGFONG",2014,"2014-VONGFONG",10.0578583083295,2.08409022341759,17.7692129076289
8,"2016230N15138","MINDULLE",2016,"2016-MINDULLE",6.5469689736007,1.50230524073136,11.3534258244312
8,"2017288N09138","LAN",2017,"2017-LAN",5.34304386208626,1.13862915131006,9.39751940034303
8,"2018222N16147","LEEPI",2018,"2018-LEEPI",2.209505082192,0.47662319331685,3.85683313158028
8,"2018263N12146","TRAMI",2018,"2018-TRAMI",3.20787712375815,0.689474614597252,5.61223924853976
8,"2019242N14180","FAXAI",2019,"2019-FAXAI",3.01922243410718,0.64867241124818,5.2834726292096
8,"2019278N16165","HAGIBIS",2019,"2019-HAGIBIS",4.54739156807817,0.969878351815174,7.99396149045907
9,"2011253N20145","ROKE",2011,"2011-ROKE",2.78941645718553,0.776338625065451,4.72117609801993
9,"2012162N06150","GUCHOL",2012,"2012-GUCHOL",3.04655172309746,0.846826643222191,5.1605933327403
9,"2012263N15141","JELAWAT",2012,"2012-JELAWAT",3.2403874182124,0.90062084298211,5.48926594445208
9,"2013255N20148","MAN-YI",2013,"2013-MAN-YI",2.92921551102665,0.814177841720922,4.9619680424068
9,"2013282N14149","WIPHA",2013,"2013-WIPHA",1.48001066486381,0.414735474069324,2.49399849626834
9,"2014275N06166","VONGFONG",2014,"2014-VONGFONG",4.46242653295068,1.0680552222797,7.79951521769077
9,"2016230N15138","MINDULLE",2016,"2016-MINDULLE",1.66963368822202,0.46702895850848,2.81679751414307
9,"2017288N09138","LAN",2017,"2017-LAN",2.70870485080873,0.753534018455234,4.58590187427763
9,"2018263N12146","TRAMI",2018,"2018-TRAMI",2.94354665407491,0.817500274901586,4.9888315432146
9,"2019278N16165","HAGIBIS",2019,"2019-HAGIBIS",2.26719832767976,0.631207123466254,3.83648560174274
10,"2011253N20145","ROKE",2011,"2011-ROKE",1.72008378043799,0.328449651168364,3.13679790736667
10,"2012162N06150","GUCHOL",2012,"2012-GUCHOL",1.73655962801351,0.331546921581173,3.16715161797951
10,"2012263N15141","JELAWAT",2012,"2012-JELAWAT",2.18211520974987,0.415765498451816,3.98511790568459
10,"2013255N20148","MAN-YI",2013,"2013-MAN-YI",1.75809421519045,0.335460610393519,3.20767498014801
10,"2014275N06166","VONGFONG",2014,"2014-VONGFONG",2.95952267411215,0.407133892535552,5.58047965817934
10,"2016230N15138","MINDULLE",2016,"2016-MINDULLE",0.891811446602595,0.171103378638686,1.62123176653448
10,"2017252N14147","TALIM",2017,"2017-TALIM",0.952357233238987,0.182565046473485,1.73226713351607
10,"2017288N09138","LAN",2017,"2017-LAN",1.81503889877149,0.346018303610745,3.31351787719297
10,"2018263N12146","TRAMI",2018,"2018-TRAMI",1.95396918247065,0.372095631067772,3.56973308186888
10,"2019278N16165","HAGIBIS",2019,"2019-HAGIBIS",1.26940633136829,0.242648870543875,2.31331504133792
11,"2011253N20145","ROKE",2011,"2011-ROKE",-0.650989416361714,-11.9226981173126,11.7063127367061
11,"2012162N06150","GUCHOL",2012,"2012-GUCHOL",-0.532317558918783,-9.59402540797895,9.33286210967313
11,"2012263N15141","JELAWAT",2012,"2012-JELAWAT",-0.54502025093666,-9.79879185521466,9.51826850193536
11,"2013255N20148","MAN-YI",2013,"2013-MAN-YI",-0.539403810754924,-9.75513380464907,9.50862163326955
11,"2013282N14149","WIPHA",2013,"2013-WIPHA",-0.325209482959013,-5.71180629808286,5.4709927230689
11,"2014275N06166","VONGFONG",2014,"2014-VONGFONG",-3.51598887273,-22.5788756269466,17.1642342372186
11,"2016230N15138","MINDULLE",2016,"2016-MINDULLE",-0.345462261060655,-6.09392621755432,5.8524875747599
11,"2017288N09138","LAN",2017,"2017-LAN",-0.641568919514179,-11.7897103616636,11.5978953537264
11,"2018263N12146","TRAMI",2018,"2018-TRAMI",-0.429940750560113,-7.67401170677785,7.42241017738394
11,"2019242N14180","FAXAI",2019,"2019-FAXAI",-0.290352171505938,-5.10037003076621,4.88579185300257
11,"2019278N16165","HAGIBIS",2019,"2019-HAGIBIS",-0.464662636830955,-8.38648000304986,8.1649199437352
12,"2011253N20145","ROKE",2011,"2011-ROKE",9.82844236696189,0.487877482355586,19.2139574583855
12,"2012162N06150","GUCHOL",2012,"2012-GUCHOL",5.75372173873741,0.288456739447075,11.182202367799
12,"2012263N15141","JELAWAT",2012,"2012-JELAWAT",5.86815465951507,0.294349136384978,11.4010287471608
12,"2013255N20148","MAN-YI",2013,"2013-MAN-YI",6.3537330649849,0.317855475302996,12.3640162489728
12,"2013282N14149","WIPHA",2013,"2013-WIPHA",5.81346520579455,0.291359767304294,11.3004307635125
12,"2014275N06166","VONGFONG",2014,"2014-VONGFONG",11.7252226598146,-5.4364939060653,29.0270324290399
12,"2016230N15138","MINDULLE",2016,"2016-MINDULLE",7.75691249078068,-2.20335694157007,18.0196337575531
12,"2017288N09138","LAN",2017,"2017-LAN",11.008322556632,0.543805828404425,21.5824700537001
12,"2018222N16147","LEEPI",2018,"2018-LEEPI",3.53879431174223,0.178132234387601,6.86109010811181
12,"2018263N12146","TRAMI",2018,"2018-TRAMI",4.5879403498958,0.230503475335487,8.90525008666652
12,"2019242N14180","FAXAI",2019,"2019-FAXAI",6.39565088154924,0.319152223033477,12.4640831143468
12,"2019278N16165","HAGIBIS",2019,"2019-HAGIBIS",8.93355650972565,0.44263821822054,17.4836470940999
13,"2011253N20145","ROKE",2011,"2011-ROKE",10.5025027531121,-13.2089389796256,37.5437298971374
13,"2012162N06150","GUCHOL",2012,"2012-GUCHOL",6.78188069174686,-8.66730639304183,24.1433501243189
13,"2012263N15141","JELAWAT",2012,"2012-JELAWAT",6.85934922264156,-8.77860883617693,24.4103456712528
13,"2013255N20148","MAN-YI",2013,"2013-MAN-YI",7.41876031037839,-9.45022845049496,26.4328985608712
13,"2013282N14149","WIPHA",2013,"2013-WIPHA",4.91063601149643,-6.32770996487834,17.4449161918412
13,"2014275N06166","VONGFONG",2014,"2014-VONGFONG",0.552467407647999,-40.0236171686484,45.7485618210918
13,"2016230N15138","MINDULLE",2016,"2016-MINDULLE",5.28421750924062,-6.79573798870125,18.7814876978412
13,"2017288N09138","LAN",2017,"2017-LAN",10.6558339008123,-13.3807739503425,38.1073699192833
13,"2018263N12146","TRAMI",2018,"2018-TRAMI",5.65148391028039,-7.25644158540587,20.0950786616713
13,"2019242N14180","FAXAI",2019,"2019-FAXAI",5.39987786166398,-6.93190157286028,19.2014895072131
13,"2019278N16165","HAGIBIS",2019,"2019-HAGIBIS",7.78134784051038,-9.86639442070622,27.7578562060334
14,"2011253N20145","ROKE",2011,"2011-ROKE",9.73418639492637,-5.43291469635898,25.8002688782099
14,"2012162N06150","GUCHOL",2012,"2012-GUCHOL",5.62736034645924,-3.1866750078207,14.8190658608549
14,"2012263N15141","JELAWAT",2012,"2012-JELAWAT",6.04466796259063,-3.4219560743636,15.9201403160074
14,"2013255N20148","MAN-YI",2013,"2013-MAN-YI",6.27086431304767,-3.53982901562413,16.5370155271952
14,"2013282N14149","WIPHA",2013,"2013-WIPHA",4.53744960734794,-2.57930948105844,11.9286145891981
14,"2014275N06166","VONGFONG",2014,"2014-VONGFONG",4.6006398472253,-19.6991312605367,31.6744162218661
14,"2016230N15138","MINDULLE",2016,"2016-MINDULLE",4.307704307406,-2.44825576886296,11.3255677442661
14,"2017252N14147","TALIM",2017,"2017-TALIM",2.89882023517165,-1.65559014921791,7.60488745847015
14,"2017288N09138","LAN",2017,"2017-LAN",9.71443730155159,-5.41257451930604,25.7677094641333
14,"2018263N12146","TRAMI",2018,"2018-TRAMI",4.77972191351968,-2.71217774936074,12.5755225583473
14,"2019242N14180","FAXAI",2019,"2019-FAXAI",4.85283591655058,-2.74817573747709,12.7792291225545
14,"2019278N16165","HAGIBIS",2019,"2019-HAGIBIS",7.12311788513131,-3.99635771935401,18.8358720409539
15,"2012263N15141","JELAWAT",2012,"2012-JELAWAT",0.150280645029293,-0.704115154049318,1.087192773201
15,"2017200N26162","NORU",2017,"2017-NORU",0.135344357907055,-0.633496767885198,0.978943376072195
15,"2018239N11161","JEBI",2018,"2018-JEBI",0.183927135007998,-0.856675416864685,1.32905852447382
15,"2019278N16165","HAGIBIS",2019,"2019-HAGIBIS",0.135817963222045,-0.634943101884893,0.982134352592803
16,"2011253N20145","ROKE",2011,"2011-ROKE",-0.0989389960886748,-0.747576949169775,0.5999820753968
16,"2013255N20148","MAN-YI",2013,"2013-MAN-YI",-0.101056586646051,-0.763999950129684,0.61397648221135
16,"2014209N12152","HALONG",2014,"2014-HALONG",-0.0911906354902938,-0.688935538724666,0.552734749738051
16,"2014275N06166","VONGFONG",2014,"2014-VONGFONG",-0.126314853122612,-0.956590958469246,0.771892379882048
16,"2015249N18142","ETAU",2015,"2015-ETAU",-0.101145712982278,-0.764992844716833,0.615388148452481
16,"2017200N26162","NORU",2017,"2017-NORU",-0.101514799462239,-0.76810304160962,0.618502514166977
16,"2017252N14147","TALIM",2017,"2017-TALIM",-0.138101035527057,-1.04869588069129,0.85166171631456
16,"2017288N09138","LAN",2017,"2017-LAN",-0.0942883018924449,-0.712592100518176,0.572203841912403
16,"2018239N11161","JEBI",2018,"2018-JEBI",-0.183988576131809,-1.40295352716613,1.15038531594689
16,"2018263N12146","TRAMI",2018,"2018-TRAMI",-0.0844410255836044,-0.637745019533137,0.511282983864924
17,"2011253N20145","ROKE",2011,"2011-ROKE",0.434995546645689,0.0854505412893166,0.828856766960179
17,"2013255N20148","MAN-YI",2013,"2013-MAN-YI",0.426363451987824,0.0837465378118498,0.812467300766603
17,"2014209N12152","HALONG",2014,"2014-HALONG",0.569794455531864,0.111700796035724,1.08732484840882
17,"2014275N06166","VONGFONG",2014,"2014-VONGFONG",0.506740394047109,0.0994494786287506,0.966227770751093
17,"2015249N18142","ETAU",2015,"2015-ETAU",0.466887944034523,0.0916321170645405,0.890212219432304
17,"2017252N14147","TALIM",2017,"2017-TALIM",0.49310046000464,0.0967015684950908,0.940720258461442
17,"2017288N09138","LAN",2017,"2017-LAN",0.40924206961727,0.0803916957559153,0.779783945571579
17,"2018239N11161","JEBI",2018,"2018-JEBI",1.02428670928077,0.199443689624692,1.96423437079235
18,"2011253N20145","ROKE",2011,"2011-ROKE",-0.127314516301684,-0.551816302454512,0.301468125701141
18,"2013255N20148","MAN-YI",2013,"2013-MAN-YI",-0.116902639142976,-0.506708355628075,0.27662870928262
18,"2014209N12152","HALONG",2014,"2014-HALONG",-0.151792732723928,-0.657744511706836,0.360996588189619
18,"2014275N06166","VONGFONG",2014,"2014-VONGFONG",-0.134648362275647,-0.583572098063642,0.319123054580126
18,"2017252N14147","TALIM",2017,"2017-TALIM",-0.16299213879336,-0.70612416997806,0.389059930760684
18,"2017288N09138","LAN",2017,"2017-LAN",-0.11790126695941,-0.511030413510169,0.279051320183241
18,"2018239N11161","JEBI",2018,"2018-JEBI",-0.0471885074271181,-1.32434654582889,1.24670658601163
18,"2018263N12146","TRAMI",2018,"2018-TRAMI",-0.128918795586071,-0.558715954385613,0.305767062353375
18,"2019216N16147","KROSA",2019,"2019-KROSA",-0.0901522461092252,-0.390798651479914,0.21297490087973
19,"2011253N20145","ROKE",2011,"2011-ROKE",0.393619199960433,-0.265553276778706,1.14993023388839
19,"2012162N06150","GUCHOL",2012,"2012-GUCHOL",0.360616575876446,-0.243614176354048,1.05291234684898
19,"2012263N15141","JELAWAT",2012,"2012-JELAWAT",0.393481898989026,-0.265694288078795,1.14909666854694
19,"2013255N20148","MAN-YI",2013,"2013-MAN-YI",0.357442972121075,-0.241345055112709,1.04387767636863
19,"2014275N06166","VONGFONG",2014,"2014-VONGFONG",1.37102725589939,0.0377380842111668,2.90158656853102
19,"2017252N14147","TALIM",2017,"2017-TALIM",0.198864176427812,-0.135054368096913,0.579325111167789
19,"2017288N09138","LAN",2017,"2017-LAN",0.390709544380845,-0.263313265560365,1.14194347628248
19,"2018263N12146","TRAMI",2018,"2018-TRAMI",0.325141667155234,-0.219642735198771,0.949346105861928
19,"2019278N16165","HAGIBIS",2019,"2019-HAGIBIS",0.224612689213736,-0.152270389375952,0.654831159719186
20,"2011253N20145","ROKE",2011,"2011-ROKE",0.965358017972338,-0.644685278337605,2.78782421937179
20,"2012162N06150","GUCHOL",2012,"2012-GUCHOL",0.744514255285661,-0.49925109312428,2.14634318349795
20,"2012263N15141","JELAWAT",2012,"2012-JELAWAT",0.86238797452321,-0.577545626334501,2.4875113518057
20,"2013255N20148","MAN-YI",2013,"2013-MAN-YI",1.00878074767911,-0.672607766868501,2.91518281779391
20,"2014275N06166","VONGFONG",2014,"2014-VONGFONG",2.98314837050007,-0.538095822672867,6.83004716911886
20,"2015249N18142","ETAU",2015,"2015-ETAU",0.55044713352164,-0.37008357457498,1.58512670413856
20,"2017200N26162","NORU",2017,"2017-NORU",0.588293348029951,-0.394955313464646,1.69514472064699
20,"2017252N14147","TALIM",2017,"2017-TALIM",0.90874278938595,-0.60583369348471,2.62622626411688
20,"2017288N09138","LAN",2017,"2017-LAN",0.970626027291756,-0.647195276206229,2.80487323121901
20,"2018239N11161","JEBI",2018,"2018-JEBI",0.71218853534143,-0.477022764114955,2.0541489505546
20,"2018263N12146","TRAMI",2018,"2018-TRAMI",0.890789188811623,-0.594714498847968,2.57279274846488
20,"2019278N16165","HAGIBIS",2019,"2019-HAGIBIS",0.549941355615126,-0.369279156790099,1.58450566991244
21,"2011253N20145","ROKE",2011,"2011-ROKE",0.183629511768282,-1.15125588106446,1.62158140381833
21,"2012162N06150","GUCHOL",2012,"2012-GUCHOL",0.137246351318119,-0.867245676594421,1.21518299098046
21,"2012263N15141","JELAWAT",2012,"2012-JELAWAT",0.135443796131888,-0.857168436965277,1.19984254130027
21,"2013255N20148","MAN-YI",2013,"2013-MAN-YI",0.165647627834109,-1.04035626178777,1.46365345041467
21,"2014275N06166","VONGFONG",2014,"2014-VONGFONG",1.077621052545,-1.72262232471134,4.12161062432527
21,"2015249N18142","ETAU",2015,"2015-ETAU",0.130179088562235,-0.821799216802492,1.15223704460149
21,"2016256N12146","MALAKAS",2016,"2016-MALAKAS",0.11424787155067,-0.722958960614371,1.01204368281894
21,"2017200N26162","NORU",2017,"2017-NORU",0.122025505176689,-0.771318185029621,1.08053582796704
21,"2017252N14147","TALIM",2017,"2017-TALIM",0.229204673694999,-1.41761124523578,2.01493421283499
21,"2017288N09138","LAN",2017,"2017-LAN",0.162858731780729,-1.02276107362942,1.43897350592394
21,"2018204N15137","JONGDARI",2018,"2018-JONGDARI",0.114797603394221,-0.727142549358809,1.01724603002046
21,"2018239N11161","JEBI",2018,"2018-JEBI",0.171454562640629,-1.07313949587531,1.51322693284471
21,"2018263N12146","TRAMI",2018,"2018-TRAMI",0.177792299589247,-1.11245888934108,1.56899853271529
22,"2011253N20145","ROKE",2011,"2011-ROKE",2.44675473736102,-1.13689886573441,6.20676388445695
22,"2012162N06150","GUCHOL",2012,"2012-GUCHOL",2.02046476809717,-0.94197631863947,5.11788328700898
22,"2012263N15141","JELAWAT",2012,"2012-JELAWAT",2.13605282609172,-0.995860109756511,5.41068326715787
22,"2013255N20148","MAN-YI",2013,"2013-MAN-YI",2.14135416173234,-0.996641943640458,5.42812069227234
22,"2013282N14149","WIPHA",2013,"2013-WIPHA",0.908532256618357,-0.427321131147815,2.29251668247804
22,"2014275N06166","VONGFONG",2014,"2014-VONGFONG",4.17198074189041,-2.58571662035347,11.4046707726377
22,"2015249N18142","ETAU",2015,"2015-ETAU",0.847195601595095,-0.398429869953421,2.13784295155766
22,"2016256N12146","MALAKAS",2016,"2016-MALAKAS",0.877473829640192,-0.41249315701349,2.21466024535001
22,"2017252N14147","TALIM",2017,"2017-TALIM",1.13246950621956,-0.530949637386774,2.8615601526841
22,"2017288N09138","LAN",2017,"2017-LAN",2.27249949637837,-1.05597019848612,5.76462944268304
22,"2018204N15137","JONGDARI",2018,"2018-JONGDARI",1.07885375072447,-0.506326385093068,2.72487601832712
22,"2018263N12146","TRAMI",2018,"2018-TRAMI",1.62880993391302,-0.760794854801681,4.1224652342123
22,"2019278N16165","HAGIBIS",2019,"2019-HAGIBIS",1.33325011219742,-0.623606113841204,3.37237601366697
23,"2011253N20145","ROKE",2011,"2011-ROKE",3.09526346849034,-5.11330841887473,12.1628931662372
23,"2012162N06150","GUCHOL",2012,"2012-GUCHOL",2.56218669338181,-4.25390028793261,10.0579385714922
23,"2012263N15141","JELAWAT",2012,"2012-JELAWAT",2.54463544911399,-4.23143215285132,9.98585025873844
23,"2013255N20148","MAN-YI",2013,"2013-MAN-YI",2.70202262665325,-4.47655907853512,10.6114320011403
23,"2014275N06166","VONGFONG",2014,"2014-VONGFONG",1.2454659385388,-16.0423393838962,19.1829929084909
23,"2015249N18142","ETAU",2015,"2015-ETAU",1.96957002179142,-3.28437257267283,7.72475255851874
23,"2016256N12146","MALAKAS",2016,"2016-MALAKAS",2.30874384028084,-3.83509364451874,9.06209582861571
23,"2017200N26162","NORU",2017,"2017-NORU",1.66812936450729,-2.79169765990747,6.53776174767539
23,"2017252N14147","TALIM",2017,"2017-TALIM",3.15716393547212,-5.19307786987385,12.4170682357848
23,"2017288N09138","LAN",2017,"2017-LAN",2.80438292968228,-4.63949921091007,11.0166251873589
23,"2018204N15137","JONGDARI",2018,"2018-JONGDARI",2.44016437796539,-4.05541569433002,9.57697248583416
23,"2018239N11161","JEBI",2018,"2018-JEBI",2.09275265736045,-3.48630976360755,8.20953292371411
23,"2018263N12146","TRAMI",2018,"2018-TRAMI",3.29549964119292,-5.42369974402073,12.9596365269763
23,"2019205N23137","NARI",2019,"2019-NARI",1.55538835680536,-2.60690126687895,6.09408008191218
24,"2011253N20145","ROKE",2011,"2011-ROKE",1.24912556553809,0.0483480444776763,2.50186569025891
24,"2012162N06150","GUCHOL",2012,"2012-GUCHOL",1.20212028829798,0.0465434948007387,2.40724330915655
24,"2012263N15141","JELAWAT",2012,"2012-JELAWAT",1.15873936562,0.0449116367165106,2.31884094404142
24,"2013255N20148","MAN-YI",2013,"2013-MAN-YI",1.12489096010518,0.043569452428741,2.25207459723938
24,"2014275N06166","VONGFONG",2014,"2014-VONGFONG",2.67352381897483,0.374642519706352,5.31816892222817
24,"2016256N12146","MALAKAS",2016,"2016-MALAKAS",0.994684098599122,0.0385461229430925,1.99075834860134
24,"2017200N26162","NORU",2017,"2017-NORU",0.971385661259169,0.0376599048424122,1.94359539367863
24,"2017252N14147","TALIM",2017,"2017-TALIM",1.36968587384076,0.0528360439183972,2.74908150714517
24,"2017288N09138","LAN",2017,"2017-LAN",1.12266180158452,0.0434673362178751,2.24811816231837
24,"2018204N15137","JONGDARI",2018,"2018-JONGDARI",1.18958888046682,0.0460195886813233,2.38339332035215
24,"2018239N11161","JEBI",2018,"2018-JEBI",1.13696181200303,0.043999458021818,2.27744596832475
24,"2018263N12146","TRAMI",2018,"2018-TRAMI",1.38856800328402,0.0535958363372922,2.78596527274894
25,"2011253N20145","ROKE",2011,"2011-ROKE",0.394172423832929,-0.306994971033549,1.10851674012986
25,"2012162N06150","GUCHOL",2012,"2012-GUCHOL",0.346945507099929,-0.270598807438997,0.975165345842797
25,"2012263N15141","JELAWAT",2012,"2012-JELAWAT",0.354208611558992,-0.276376193747057,0.995423472368405
25,"2013255N20148","MAN-YI",2013,"2013-MAN-YI",0.383736871200278,-0.298847293652029,1.07919723897871
25,"2014209N12152","HALONG",2014,"2014-HALONG",0.34235236207872,-0.266991775821925,0.962289551197191
25,"2014275N06166","VONGFONG",2014,"2014-VONGFONG",0.745278322638649,-0.601530391999567,2.21283267320437
25,"2016256N12146","MALAKAS",2016,"2016-MALAKAS",0.287097494383818,-0.224160706544933,0.806616094632788
25,"2017200N26162","NORU",2017,"2017-NORU",0.392375499584,-0.305283906764361,1.10389777147952
25,"2017252N14147","TALIM",2017,"2017-TALIM",0.592627797559987,-0.457466743521127,1.672369163208
25,"2017288N09138","LAN",2017,"2017-LAN",0.369430804882256,-0.287757295921092,1.03889228363537
25,"2018204N15137","JONGDARI",2018,"2018-JONGDARI",0.458102160076634,-0.355681542316027,1.28984628106782
25,"2018226N23128","RUMBIA",2018,"2018-RUMBIA",0.259832473235993,-0.203015834569392,0.729814979991688
25,"2018239N11161","JEBI",2018,"2018-JEBI",1.39823959821574,-0.628554077414571,3.69223969923964
25,"2018263N12146","TRAMI",2018,"2018-TRAMI",0.453434059577311,-0.352086922257724,1.27666089775607
25,"2019216N16147","KROSA",2019,"2019-KROSA",0.249767100994743,-0.195174884421836,0.701510944107286
26,"2011192N18158","MA-ON",2011,"2011-MA-ON",-0.480366601473443,-1.65563813530139,0.785093361915493
26,"2011253N20145","ROKE",2011,"2011-ROKE",-0.535365657765492,-1.84450551608613,0.877035293458195
26,"2012162N06150","GUCHOL",2012,"2012-GUCHOL",-0.507410865950901,-1.748409718357,0.8305945897918
26,"2012263N15141","JELAWAT",2012,"2012-JELAWAT",-0.529307255252,-1.82392065916576,0.8662550176169
26,"2013255N20148","MAN-YI",2013,"2013-MAN-YI",-0.543861150457846,-1.87351072191157,0.891739100400957
26,"2014209N12152","HALONG",2014,"2014-HALONG",-0.626804997642743,-2.15837752194473,1.03030771438434
26,"2014275N06166","VONGFONG",2014,"2014-VONGFONG",-1.17580257549196,-4.20892018385993,2.06826345215239
26,"2016256N12146","MALAKAS",2016,"2016-MALAKAS",-0.413527951575018,-1.42521169221525,0.67603040854111
26,"2017200N26162","NORU",2017,"2017-NORU",-0.509419320313131,-1.75493802092864,0.835047570948199
26,"2017252N14147","TALIM",2017,"2017-TALIM",-0.820127793561133,-2.82047383437552,1.35897054079608
26,"2017288N09138","LAN",2017,"2017-LAN",-0.505640660851266,-1.74209437241746,0.82833700567323
26,"2018204N15137","JONGDARI",2018,"2018-JONGDARI",-0.772003215376303,-2.65634051551305,1.2750621679556
26,"2018226N23128","RUMBIA",2018,"2018-RUMBIA",-0.488976754266865,-1.68443236742285,0.801780299230377
26,"2018239N11161","JEBI",2018,"2018-JEBI",-2.02380754711538,-7.28368101762714,3.0875132370001
26,"2018263N12146","TRAMI",2018,"2018-TRAMI",-0.614121011709092,-2.11460245775605,1.0097528245004
26,"2019216N16147","KROSA",2019,"2019-KROSA",-0.496914118193894,-1.71183260214354,0.814624080477335
27,"2011192N18158","MA-ON",2011,"2011-MA-ON",-2.76929307644534,-10.479209657255,4.93658259486224
27,"2011236N15143","TALAS",2011,"2011-TALAS",-2.20766979926321,-8.3579579440666,3.92336423270287
27,"2011253N20145","ROKE",2011,"2011-ROKE",-2.90263589612594,-12.1023659945513,6.86137980012846
27,"2012162N06150","GUCHOL",2012,"2012-GUCHOL",-2.77798431649766,-10.5096381016255,4.95958871712299
27,"2012263N15141","JELAWAT",2012,"2012-JELAWAT",-2.8119229393353,-10.6395336333613,5.0155970956238
27,"2013255N20148","MAN-YI",2013,"2013-MAN-YI",-2.79450687228578,-10.570615220347,4.99377719479909
27,"2014209N12152","HALONG",2014,"2014-HALONG",-2.94611137677101,-11.1419319768768,5.27129619706138
27,"2014275N06166","VONGFONG",2014,"2014-VONGFONG",-7.44302536624849,-25.2568599090168,11.0210276020187
27,"2016256N12146","MALAKAS",2016,"2016-MALAKAS",-2.27662266027869,-8.61560011670007,4.05623393438487
27,"2017200N26162","NORU",2017,"2017-NORU",-2.67575995138073,-10.1218155201729,4.78041985546126
27,"2017252N14147","TALIM",2017,"2017-TALIM",-4.3181025810743,-16.2933032668334,7.84344755231165
27,"2017288N09138","LAN",2017,"2017-LAN",-2.42072715623924,-9.16011657698397,4.31551004513709
27,"2018204N15137","JONGDARI",2018,"2018-JONGDARI",-3.66878211526932,-13.8611077135429,6.60747765548664
27,"2018226N23128","RUMBIA",2018,"2018-RUMBIA",-2.95946769327058,-11.1880965285097,5.30861972738182
27,"2018239N11161","JEBI",2018,"2018-JEBI",-12.3402937506952,-40.4030746047106,19.575927140626
27,"2018263N12146","TRAMI",2018,"2018-TRAMI",-3.09822649295129,-11.7129818359973,5.55654399745538
27,"2019216N16147","KROSA",2019,"2019-KROSA",-2.54779607175663,-9.63809222463925,4.55077386861676
28,"2011192N18158","MA-ON",2011,"2011-MA-ON",0.728586078138531,-1.94879781794191,3.68630610516149
28,"2011236N15143","TALAS",2011,"2011-TALAS",0.580433419352091,-1.55597117515931,2.93669229183711
28,"2011253N20145","ROKE",2011,"2011-ROKE",0.607627679039721,-2.62587768679008,3.87256823824816
28,"2012162N06150","GUCHOL",2012,"2012-GUCHOL",0.598069165664458,-1.60252134172658,3.02592612613985
28,"2012263N15141","JELAWAT",2012,"2012-JELAWAT",0.60941648953174,-1.63366138486822,3.08333164684319
28,"2013255N20148","MAN-YI",2013,"2013-MAN-YI",0.636452442639639,-1.70318631187612,3.22014522996706
28,"2014209N12152","HALONG",2014,"2014-HALONG",0.959323536190969,-2.54968306775911,4.85390674874896
28,"2014275N06166","VONGFONG",2014,"2014-VONGFONG",0.939553780230159,-2.49958425038758,4.75384770248138
28,"2016256N12146","MALAKAS",2016,"2016-MALAKAS",0.535745202377992,-1.43559609886461,2.71059793038002
28,"2017200N26162","NORU",2017,"2017-NORU",0.539679253470479,-1.44619555692657,2.73050173709737
28,"2017252N14147","TALIM",2017,"2017-TALIM",0.983086872621231,-2.60578477441904,4.97423430580579
28,"2017288N09138","LAN",2017,"2017-LAN",0.512684250713552,-1.37506545137776,2.59391081027198
28,"2018204N15137","JONGDARI",2018,"2018-JONGDARI",0.971267566891173,-2.57828606706553,4.91437992416182
28,"2018226N23128","RUMBIA",2018,"2018-RUMBIA",0.888501532291347,-2.35997370916776,4.49558587122643
28,"2018239N11161","JEBI",2018,"2018-JEBI",-0.110902388894545,-11.2196694089818,11.0031341610705
28,"2018263N12146","TRAMI",2018,"2018-TRAMI",0.713875649350968,-1.905731893101,3.61191463250986
28,"2019216N16147","KROSA",2019,"2019-KROSA",0.707995356805754,-1.88837971739036,3.58218011104505
29,"2011192N18158","MA-ON",2011,"2011-MA-ON",0.518900423104756,0.0126032732848891,1.09032859686538
29,"2011236N15143","TALAS",2011,"2011-TALAS",0.424034408230439,0.0103084258448124,0.890472116072417
29,"2011253N20145","ROKE",2011,"2011-ROKE",0.951774831281291,0.0926174294607316,1.7242211281714
29,"2012162N06150","GUCHOL",2012,"2012-GUCHOL",0.639489001061757,0.015500040257859,1.34551916164135
29,"2012263N15141","JELAWAT",2012,"2012-JELAWAT",0.633970688864578,0.0153743381480775,1.33345519781513
29,"2013255N20148","MAN-YI",2013,"2013-MAN-YI",0.609851235715248,0.0147823443832209,1.2831220367043
29,"2014209N12152","HALONG",2014,"2014-HALONG",0.475239892451582,0.0115406191545638,0.998711758045359
29,"2014275N06166","VONGFONG",2014,"2014-VONGFONG",1.26463690517186,-0.187839747044113,2.86478988309449
29,"2016256N12146","MALAKAS",2016,"2016-MALAKAS",0.492888794857183,0.0119597042758107,1.0363340891247
29,"2017200N26162","NORU",2017,"2017-NORU",0.630360009712431,0.0152648257496299,1.32709703455979
29,"2017252N14147","TALIM",2017,"2017-TALIM",0.938862819414244,0.0226150001818118,1.98341727165058
29,"2017288N09138","LAN",2017,"2017-LAN",0.534566819757448,0.0129653224437149,1.1242843811089
29,"2018204N15137","JONGDARI",2018,"2018-JONGDARI",0.716295230194293,0.0173244105508914,1.50922607013995
29,"2018226N23128","RUMBIA",2018,"2018-RUMBIA",0.474768945756707,0.0115183714420129,0.998329309008352
29,"2018239N11161","JEBI",2018,"2018-JEBI",1.84263071153614,-0.187718209141749,4.01026364329244
29,"2018263N12146","TRAMI",2018,"2018-TRAMI",0.676904276863852,0.0163796091300478,1.42578273783862
29,"2019216N16147","KROSA",2019,"2019-KROSA",0.430211284218592,0.0104450493324022,0.904202765913204
30,"2011192N18158","MA-ON",2011,"2011-MA-ON",-0.121958381484185,-0.909903559057909,0.707444040835239
30,"2011236N15143","TALAS",2011,"2011-TALAS",-0.0934986680775307,-0.69660929875642,0.539482861186317
30,"2011253N20145","ROKE",2011,"2011-ROKE",-0.194833989021016,-1.08721492913333,0.759587345852405
30,"2012162N06150","GUCHOL",2012,"2012-GUCHOL",-0.124715669772727,-0.931137402049879,0.725412859271162
30,"2012263N15141","JELAWAT",2012,"2012-JELAWAT",-0.12651861373052,-0.944297774960596,0.735003974160484
30,"2013255N20148","MAN-YI",2013,"2013-MAN-YI",-0.110756705474264,-0.826439406769716,0.642791528906154
30,"2014209N12152","HALONG",2014,"2014-HALONG",-0.0954929782921257,-0.711831109994806,0.552075250193681
30,"2014275N06166","VONGFONG",2014,"2014-VONGFONG",0.237606652987684,-1.51899659649779,1.97394457935047
30,"2015188N08194","HALOLA",2015,"2015-HALOLA",-0.0826389228240819,-0.615470365478176,0.476138922144715
30,"2016256N12146","MALAKAS",2016,"2016-MALAKAS",-0.112367190853237,-0.839051788441733,0.653912696394885
30,"2017200N26162","NORU",2017,"2017-NORU",-0.105797731464617,-0.789520588232604,0.614261434243194
30,"2017252N14147","TALIM",2017,"2017-TALIM",-0.154022809815902,-1.15430532298432,0.908830578523325
30,"2017288N09138","LAN",2017,"2017-LAN",-0.0883595903639443,-0.658549441029005,0.510514009731199
30,"2018204N15137","JONGDARI",2018,"2018-JONGDARI",-0.0771881298291455,-0.574890593803985,0.444781439159979
30,"2018226N23128","RUMBIA",2018,"2018-RUMBIA",-0.116230947152303,-0.868575778780546,0.678401734058811
30,"2018239N11161","JEBI",2018,"2018-JEBI",0.735853650915598,-1.67489535218352,3.04294380942689
30,"2018263N12146","TRAMI",2018,"2018-TRAMI",-0.125734303076724,-0.939828508334382,0.73457075614831
30,"2019216N16147","KROSA",2019,"2019-KROSA",-0.0852494802881211,-0.63556343319657,0.493123680680622
31,"2010243N12146","MALOU",2010,"2010-MALOU",0.0382248586741223,-0.203907182071156,0.321952103218939
31,"2013274N18152","DANAS",2013,"2013-DANAS",0.0452964518853271,-0.240768308866809,0.381188590767678
31,"2014275N06166","VONGFONG",2014,"2014-VONGFONG",0.0345240311096221,-0.184416375838744,0.290876226517416
31,"2015188N08194","HALOLA",2015,"2015-HALOLA",0.0365763383831481,-0.19500328729599,0.308025827185326
31,"2015226N12151","GONI",2015,"2015-GONI",0.0314299181469682,-0.167892692792292,0.264808855884033
31,"2016269N15165","CHABA",2016,"2016-CHABA",0.0407188554672786,-0.21678039438256,0.342795645729488
31,"2017252N14147","TALIM",2017,"2017-TALIM",0.0324338307609739,-0.17304982630621,0.273189645149765
31,"2018204N15137","JONGDARI",2018,"2018-JONGDARI",0.0348768045590635,-0.185884699231534,0.293691544093971
31,"2018239N11161","JEBI",2018,"2018-JEBI",0.0303122775870035,-0.161925399109275,0.255393420873177
31,"2019216N16147","KROSA",2019,"2019-KROSA",0.524475588301423,-0.140467207590949,1.2825929154305
31,"2019260N20129","TAPAH",2019,"2019-TAPAH",0.0425996069671774,-0.225935401164374,0.358306153488223
32,"2010218N20127","DIANMU",2010,"2010-DIANMU",0.055197154859815,-0.360730359705796,0.506412663229989
32,"2010243N12146","MALOU",2010,"2010-MALOU",0.0651177028360657,-0.423569960801647,0.596567932180495
32,"2013274N18152","DANAS",2013,"2013-DANAS",0.0930117834807048,-0.595990939161796,0.848228682254973
32,"2015226N12151","GONI",2015,"2015-GONI",0.0724723698789107,-0.468001366216464,0.662476316472519
32,"2016269N15165","CHABA",2016,"2016-CHABA",0.0716038680119882,-0.463114779804722,0.654848449440746
32,"2018204N15137","JONGDARI",2018,"2018-JONGDARI",0.050574554569324,-0.329954382335966,0.46375739693356
32,"2019216N16147","KROSA",2019,"2019-KROSA",0.0627974943999868,-0.406155161798026,0.574309333975931
32,"2019260N20129","TAPAH",2019,"2019-TAPAH",0.087824165412239,-0.55976594215411,0.799637764858116
33,"2011192N18158","MA-ON",2011,"2011-MA-ON",-0.415806377403573,-1.62980148383399,0.741317497504135
33,"2011236N15143","TALAS",2011,"2011-TALAS",-0.343065747937092,-1.34512361136977,0.61046934010767
33,"2013274N18152","DANAS",2013,"2013-DANAS",-0.275883627188743,-1.08211601566089,0.489847555228999
33,"2014209N12152","HALONG",2014,"2014-HALONG",-0.337605483874942,-1.32362024023611,0.601003193230277
33,"2014275N06166","VONGFONG",2014,"2014-VONGFONG",-0.357844423512039,-1.4028593065622,0.637324553313305
33,"2015188N08194","HALOLA",2015,"2015-HALOLA",-0.396128982899172,-1.55236573971248,0.70705750106081
33,"2016256N12146","MALAKAS",2016,"2016-MALAKAS",-0.263198464313813,-1.0323081452696,0.467461623635024
33,"2017252N14147","TALIM",2017,"2017-TALIM",-0.330458511404005,-1.29532805124692,0.589002580843841
33,"2018204N15137","JONGDARI",2018,"2018-JONGDARI",-0.419483392986169,-1.64349265562564,0.749801447017568
33,"2018226N23128","RUMBIA",2018,"2018-RUMBIA",-0.279087400516825,-1.09439689392051,0.496290465838143
33,"2018239N11161","JEBI",2018,"2018-JEBI",-0.265380419218871,-1.64017955454558,1.07267875406916
33,"2018263N12146","TRAMI",2018,"2018-TRAMI",-0.315152611330636,-1.23563722397429,0.560910654952096
33,"2019216N16147","KROSA",2019,"2019-KROSA",-0.491110489560919,-1.92258972224716,0.881960047757956
33,"2019260N20129","TAPAH",2019,"2019-TAPAH",-0.264999116427489,-1.0391436853709,0.471259628996275
34,"2011192N18158","MA-ON",2011,"2011-MA-ON",-0.267868405193933,-2.59121491513192,2.07484293776005
34,"2011236N15143","TALAS",2011,"2011-TALAS",-0.262075533318325,-2.53652095300488,2.03277878224578
34,"2013274N18152","DANAS",2013,"2013-DANAS",-0.295514320764263,-2.86805718547339,2.30863031898616
34,"2014209N12152","HALONG",2014,"2014-HALONG",-0.221918528588965,-2.14422217847912,1.71370542688182
34,"2014275N06166","VONGFONG",2014,"2014-VONGFONG",-0.270422990423304,-2.61952611102317,2.10214861435269
34,"2015226N12151","GONI",2015,"2015-GONI",-0.249415383903649,-2.41519128251074,1.93709285468019
34,"2016269N15165","CHABA",2016,"2016-CHABA",-0.226442446073195,-2.18850233735297,1.74982976251172
34,"2017252N14147","TALIM",2017,"2017-TALIM",-0.222529076706487,-2.15304169170379,1.72452278641885
34,"2018204N15137","JONGDARI",2018,"2018-JONGDARI",-0.261640833916526,-2.5352134477547,2.03546296190313
34,"2018263N12146","TRAMI",2018,"2018-TRAMI",-0.229595142662489,-2.2206889719356,1.77777966790734
34,"2019216N16147","KROSA",2019,"2019-KROSA",-0.330943905841561,-3.22694944286876,2.61676378955628
34,"2019260N20129","TAPAH",2019,"2019-TAPAH",-0.287778817276292,-2.80036688623568,2.26360079132216
35,"2013274N18152","DANAS",2013,"2013-DANAS",0.508776226238855,-0.582834529222931,1.72695831397259
35,"2014275N06166","VONGFONG",2014,"2014-VONGFONG",0.393068972741932,-0.452071666144379,1.33263730681211
35,"2015226N12151","GONI",2015,"2015-GONI",0.605455805098398,-0.690752622860918,2.05763316252258
35,"2016269N15165","CHABA",2016,"2016-CHABA",0.368606283725194,-0.424105149803627,1.24955315865159
35,"2018204N15137","JONGDARI",2018,"2018-JONGDARI",0.374703882744413,-0.430780160533409,1.27052213132579
35,"2018263N12146","TRAMI",2018,"2018-TRAMI",0.325714752264466,-0.375034847214185,1.10390921760354
35,"2019216N16147","KROSA",2019,"2019-KROSA",0.376310767210248,-0.432113077558493,1.27642223465338
35,"2019260N20129","TAPAH",2019,"2019-TAPAH",0.564649921386431,-0.643046364474413,1.91998116255761
36,"2011192N18158","MA-ON",2011,"2011-MA-ON",-0.737659308880769,-1.62589521742783,0.207474304851464
36,"2011236N15143","TALAS",2011,"2011-TALAS",-0.539801448923817,-1.19264846214145,0.151053073154916
36,"2011253N20145","ROKE",2011,"2011-ROKE",-0.495954472422237,-1.35777686992454,0.430428213491756
36,"2012162N06150","GUCHOL",2012,"2012-GUCHOL",-0.420083131584956,-0.929760024716813,0.117117889055315
36,"2012263N15141","JELAWAT",2012,"2012-JELAWAT",-0.463914743972466,-1.02649679829073,0.12941147839662
36,"2013255N20148","MAN-YI",2013,"2013-MAN-YI",-0.413567993494011,-0.915175175592861,0.115345626141075
36,"2014209N12152","HALONG",2014,"2014-HALONG",-0.727781248666381,-1.60246116078792,0.205147426574502
36,"2014275N06166","VONGFONG",2014,"2014-VONGFONG",-0.640551273828663,-1.41288220917455,0.179883902132255
36,"2015188N08194","HALOLA",2015,"2015-HALOLA",-0.403005148949857,-1.94284243917891,1.13034054669648
36,"2016256N12146","MALAKAS",2016,"2016-MALAKAS",-0.511375846144751,-1.12918852421792,0.143275278909149
36,"2017200N26162","NORU",2017,"2017-NORU",-0.410703871757963,-0.908593608113895,0.114612011342744
36,"2017252N14147","TALIM",2017,"2017-TALIM",-0.616052980284533,-1.35727743869343,0.17342920277089
36,"2018226N23128","RUMBIA",2018,"2018-RUMBIA",-0.497319344815306,-1.09785802173905,0.139415660365052
36,"2018239N11161","JEBI",2018,"2018-JEBI",-0.734764516211944,-1.77080526218672,0.32091293140833
36,"2018263N12146","TRAMI",2018,"2018-TRAMI",-0.558473094383547,-1.23225548347211,0.156721834809038
36,"2019216N16147","KROSA",2019,"2019-KROSA",-0.53892115907458,-1.18875413134584,0.151332533483509
37,"2011192N18158","MA-ON",2011,"2011-MA-ON",0.31897680757906,-0.19355265390926,0.853018888220939
37,"2011236N15143","TALAS",2011,"2011-TALAS",0.247615771153178,-0.150526506369926,0.661719692495122
37,"2013255N20148","MAN-YI",2013,"2013-MAN-YI",0.16670850659168,-0.101589845486501,0.445091500604445
37,"2014209N12152","HALONG",2014,"2014-HALONG",0.278377856518992,-0.168979061248752,0.744344094101595
37,"2014275N06166","VONGFONG",2014,"2014-VONGFONG",0.256021746902586,-0.155573733405912,0.68428906993535
37,"2015188N08194","HALOLA",2015,"2015-HALOLA",0.847659345904886,-0.1290734646397,1.83690443060916
37,"2016256N12146","MALAKAS",2016,"2016-MALAKAS",0.213703340176822,-0.129944175764808,0.571037604315259
37,"2017252N14147","TALIM",2017,"2017-TALIM",0.24380863308432,-0.148027505903743,0.651856150808627
37,"2018204N15137","JONGDARI",2018,"2018-JONGDARI",0.156770078184252,-0.0955411347283385,0.418544333543311
37,"2018226N23128","RUMBIA",2018,"2018-RUMBIA",0.191500936560207,-0.116501111084619,0.511614268553879
37,"2018239N11161","JEBI",2018,"2018-JEBI",0.596156198672426,-0.00436707404172444,1.22478508273713
37,"2018263N12146","TRAMI",2018,"2018-TRAMI",0.238715741940041,-0.145035362629888,0.638071361275138
37,"2019216N16147","KROSA",2019,"2019-KROSA",0.291558145830833,-0.176653701726687,0.780136160406303
38,"2011192N18158","MA-ON",2011,"2011-MA-ON",0.622695609503295,-0.299138580983871,1.5763155952048
38,"2011236N15143","TALAS",2011,"2011-TALAS",0.550087059591482,-0.264448757947827,1.39206105518239
38,"2014209N12152","HALONG",2014,"2014-HALONG",0.573425138020035,-0.275381393561891,1.45179836030313
38,"2014275N06166","VONGFONG",2014,"2014-VONGFONG",0.661836244401862,-0.317418009776794,1.67663591399865
38,"2015188N08194","HALOLA",2015,"2015-HALOLA",0.423373293563523,-0.203932433237332,1.07045445772219
38,"2016256N12146","MALAKAS",2016,"2016-MALAKAS",0.520645669420987,-0.25009371696653,1.31803157412831
38,"2017252N14147","TALIM",2017,"2017-TALIM",0.494978594869715,-0.23778251816907,1.253011874241
38,"2018239N11161","JEBI",2018,"2018-JEBI",0.4486175951318,-0.215813306028799,1.13493862386244
38,"2018263N12146","TRAMI",2018,"2018-TRAMI",0.540764218244979,-0.259663952260988,1.36918394181424
38,"2019216N16147","KROSA",2019,"2019-KROSA",0.583211248546811,-0.27954999209199,1.47783201787707
38,"2019260N20129","TAPAH",2019,"2019-TAPAH",0.345081501431842,-0.16622782461931,0.872484685828403
39,"2011192N18158","MA-ON",2011,"2011-MA-ON",0.286593857226972,-1.02605750496434,1.57197509579822
39,"2011236N15143","TALAS",2011,"2011-TALAS",0.242806276373767,-0.873449486222714,1.33240634453421
39,"2011253N20145","ROKE",2011,"2011-ROKE",0.237162507822047,-0.942043044288693,1.53575989253671
39,"2012263N15141","JELAWAT",2012,"2012-JELAWAT",0.184370700992525,-0.670216956376317,1.01277162218609
39,"2013255N20148","MAN-YI",2013,"2013-MAN-YI",0.158608991207389,-0.577478037450375,0.871395084922067
39,"2014209N12152","HALONG",2014,"2014-HALONG",0.292914813520845,-1.04190887339092,1.60566551488228
39,"2014275N06166","VONGFONG",2014,"2014-VONGFONG",0.295562161167505,-1.05195225020467,1.62026757719165
39,"2015188N08194","HALOLA",2015,"2015-HALOLA",1.39922208308448,-0.976599404454063,3.7285098422397
39,"2016256N12146","MALAKAS",2016,"2016-MALAKAS",0.256738786103155,-0.915402972382816,1.40767324485447
39,"2017182N15132","NANMADOL",2017,"2017-NANMADOL",0.181142529425699,-0.65545279492128,0.994588627089291
39,"2017200N26162","NORU",2017,"2017-NORU",0.154061146236706,-0.55993194739338,0.846261743730225
39,"2017252N14147","TALIM",2017,"2017-TALIM",0.246888112007747,-0.879871749454073,1.35360400675731
39,"2018226N23128","RUMBIA",2018,"2018-RUMBIA",0.135767646020281,-0.494317744775799,0.745905507148461
39,"2018239N11161","JEBI",2018,"2018-JEBI",0.270547030090203,-0.898163519247395,1.49359694406327
39,"2018263N12146","TRAMI",2018,"2018-TRAMI",0.249854662725221,-0.891680523976186,1.37004718841782
39,"2019216N16147","KROSA",2019,"2019-KROSA",0.235199506766677,-0.838713324250506,1.2895912161866
40,"2013274N18152","DANAS",2013,"2013-DANAS",1.40442034090413,-1.30285138075883,4.24231341629516
40,"2014275N06166","VONGFONG",2014,"2014-VONGFONG",1.2648088883087,-1.17503589163126,3.81889526694364
40,"2015226N12151","GONI",2015,"2015-GONI",2.92861772935618,-2.67983323368919,8.88383327256648
40,"2018204N15137","JONGDARI",2018,"2018-JONGDARI",1.41096843890609,-1.30869805127309,4.26232089395225
40,"2018263N12146","TRAMI",2018,"2018-TRAMI",1.77805933325893,-4.23480489297305,7.90651851158786
40,"2019213N17155","FRANCISCO",2019,"2019-FRANCISCO",1.24241997460754,-1.15374159224036,3.75178846578328
40,"2019216N16147","KROSA",2019,"2019-KROSA",0.28494050707918,-2.9733152835772,3.65438292665473
40,"2019260N20129","TAPAH",2019,"2019-TAPAH",2.18176088982196,-2.00523004393773,6.60929689341503
41,"2013274N18152","DANAS",2013,"2013-DANAS",0.0359060204767789,-0.286682402248096,0.417767917735544
41,"2014275N06166","VONGFONG",2014,"2014-VONGFONG",0.0329988858632348,-0.264012074612206,0.384251215489667
41,"2015188N08194","HALOLA",2015,"2015-HALOLA",0.0366380232275295,-0.292411192249665,0.426218953376887
41,"2015226N12151","GONI",2015,"2015-GONI",0.0677064680188283,-0.530426818261137,0.781995963697002
41,"2018204N15137","JONGDARI",2018,"2018-JONGDARI",0.0342446912190487,-0.273491705052623,0.398480267957326
41,"2018263N12146","TRAMI",2018,"2018-TRAMI",0.473770669115088,-0.233048002969222,1.28992549723185
41,"2019213N17155","FRANCISCO",2019,"2019-FRANCISCO",0.0368268113086829,-0.293527611723987,0.428193075120546
41,"2019216N16147","KROSA",2019,"2019-KROSA",0.4723032768835,0.0550340901736506,0.966447080691426
41,"2019260N20129","TAPAH",2019,"2019-TAPAH",0.0564384696587961,-0.443105557601685,0.65239441215269
42,"2012263N15141","JELAWAT",2012,"2012-JELAWAT",0.834363027694773,-0.442460217056611,2.17642199017947
42,"2013274N18152","DANAS",2013,"2013-DANAS",0.856135412163462,-0.453582253187169,2.23410242454371
42,"2014184N08147","NEOGURI",2014,"2014-NEOGURI",0.693364265348964,-0.368398749106708,1.80714613542233
42,"2014275N06166","VONGFONG",2014,"2014-VONGFONG",0.804241817584347,-0.426704015414409,2.09739742728613
42,"2015188N08194","HALOLA",2015,"2015-HALOLA",0.849195584003186,-0.449752854545859,2.21631285361435
42,"2015226N12151","GONI",2015,"2015-GONI",1.01887506137514,-0.537405505043164,2.66381579249903
42,"2017182N15132","NANMADOL",2017,"2017-NANMADOL",0.791789828617341,-0.419617402662052,2.06592823333553
42,"2017252N14147","TALIM",2017,"2017-TALIM",0.65083887952129,-0.345674848197473,1.6965801142058
42,"2018179N19134","PRAPIROON",2018,"2018-PRAPIROON",0.750773841419995,-0.398017901207298,1.95862217173662
42,"2018263N12146","TRAMI",2018,"2018-TRAMI",2.03195857016407,-0.653340300319089,4.97205558087806
42,"2019260N20129","TAPAH",2019,"2019-TAPAH",1.16794495978539,-0.611922096741435,3.06227866652757
43,"2013243N26122","TORAJI",2013,"2013-TORAJI",0.363405906689291,-0.193173584610913,1.01679176634523
43,"2014275N06166","VONGFONG",2014,"2014-VONGFONG",0.468361580743869,-0.24847269307067,1.31171689065859
43,"2015188N08194","HALOLA",2015,"2015-HALOLA",0.384454211594443,-0.204192361860693,1.07612003735834
43,"2015226N12151","GONI",2015,"2015-GONI",0.914088665664256,-0.480363309005994,2.57192681651827
43,"2016256N12146","MALAKAS",2016,"2016-MALAKAS",0.381065316763647,-0.202334982781733,1.06678201649563
43,"2017182N15132","NANMADOL",2017,"2017-NANMADOL",0.52038963671485,-0.275588502433974,1.45868298560728
43,"2017252N14147","TALIM",2017,"2017-TALIM",0.38718585478307,-0.205503481111588,1.08412561259257
43,"2018204N15137","JONGDARI",2018,"2018-JONGDARI",0.34338762368952,-0.182492723098459,0.960883956135106
43,"2018226N23128","RUMBIA",2018,"2018-RUMBIA",1.00622432128076,0.199230790792512,1.81508821772476
43,"2018263N12146","TRAMI",2018,"2018-TRAMI",0.496906868021016,-0.263288123619579,1.39250895711689
43,"2019213N17155","FRANCISCO",2019,"2019-FRANCISCO",0.433177300305874,-0.229765294784418,1.21328528776962
43,"2019216N16147","KROSA",2019,"2019-KROSA",1.1040097692216,0.152661850110895,2.12012688111805
43,"2019260N20129","TAPAH",2019,"2019-TAPAH",0.391150100409587,-0.207488184651756,1.09553300669253
44,"2011192N18158","MA-ON",2011,"2011-MA-ON",0.594646510393645,-0.0697094244972989,1.27992083067282
44,"2014209N12152","HALONG",2014,"2014-HALONG",0.523774595623105,-0.0614177202355838,1.12720453070552
44,"2014275N06166","VONGFONG",2014,"2014-VONGFONG",0.766824456259541,-0.0895744314043188,1.65384012785896
44,"2015226N12151","GONI",2015,"2015-GONI",0.690172795730102,-0.0806414729877955,1.48830443431774
44,"2016256N12146","MALAKAS",2016,"2016-MALAKAS",0.574287905622897,-0.0672312036701491,1.23705287941929
44,"2017182N15132","NANMADOL",2017,"2017-NANMADOL",0.533581406669933,-0.0625303485184631,1.14869692346657
44,"2017252N14147","TALIM",2017,"2017-TALIM",0.559372191853884,-0.0654795202405152,1.20498089460029
44,"2018226N23128","RUMBIA",2018,"2018-RUMBIA",0.446383048827601,-0.0523601715893164,0.960471601335708
44,"2018263N12146","TRAMI",2018,"2018-TRAMI",0.721477022139788,-0.084242910433416,1.5563967702131
44,"2019216N16147","KROSA",2019,"2019-KROSA",0.582679068562499,-0.0681373743321108,1.25592120167748
44,"2019260N20129","TAPAH",2019,"2019-TAPAH",0.544523951145585,-0.0637100862635231,1.17332127638988
45,"2011192N18158","MA-ON",2011,"2011-MA-ON",0.565219747610672,-0.166025279081771,1.30935037874597
45,"2013243N26122","TORAJI",2013,"2013-TORAJI",0.739284097619868,-0.216266112992937,1.71610338119066
45,"2014184N08147","NEOGURI",2014,"2014-NEOGURI",0.645303944485661,-0.188971147126498,1.49716056564103
45,"2014209N12152","HALONG",2014,"2014-HALONG",0.590201707463137,-0.173088651578244,1.36831071204385
45,"2014275N06166","VONGFONG",2014,"2014-VONGFONG",1.91495146956686,0.042675329239496,3.88982397075837
45,"2015226N12151","GONI",2015,"2015-GONI",0.621899929408238,-0.182165296026996,1.44267115078551
45,"2016256N12146","MALAKAS",2016,"2016-MALAKAS",0.802348294517605,-0.233962951842852,1.86549794534203
45,"2017182N15132","NANMADOL",2017,"2017-NANMADOL",0.434129471967032,-0.127684889715445,1.00502098158968
45,"2017200N26162","NORU",2017,"2017-NORU",0.44677245342731,-0.131346177452846,1.03451591253777
45,"2017252N14147","TALIM",2017,"2017-TALIM",0.757819509955437,-0.221020766314249,1.76179692076296
45,"2018204N15137","JONGDARI",2018,"2018-JONGDARI",0.511868023713096,-0.150242611700469,1.18620034788491
45,"2018263N12146","TRAMI",2018,"2018-TRAMI",0.874397059143613,-0.254571743279246,2.03462136459787
45,"2019213N17155","FRANCISCO",2019,"2019-FRANCISCO",0.586186882847032,-0.171713265084921,1.35978917986536
45,"2019216N16147","KROSA",2019,"2019-KROSA",1.32511034236719,0.248910714286725,2.49614818326259
46,"2012215N23146","HAIKUI",2012,"2012-HAIKUI",1.00997260135597,-0.745885723355384,2.72216747832155
46,"2013243N26122","TORAJI",2013,"2013-TORAJI",1.3349400478237,-0.978959742845262,3.60747514753892
46,"2014184N08147","NEOGURI",2014,"2014-NEOGURI",1.26013192830689,-0.923936161897401,3.4055422789825
46,"2014209N12152","HALONG",2014,"2014-HALONG",0.901218381113472,-0.665575236193846,2.4290343314173
46,"2014275N06166","VONGFONG",2014,"2014-VONGFONG",3.82577260023628,-0.614247064639333,8.39110304686005
46,"2015188N08194","HALOLA",2015,"2015-HALOLA",1.01873513993976,-0.750620979005009,2.74814015598906
46,"2015226N12151","GONI",2015,"2015-GONI",1.63736344987733,-1.19118486011912,4.43790559018394
46,"2016244N21123","NAMTHEUN",2016,"2016-NAMTHEUN",0.828498951119946,-0.612165032170152,2.23263578494434
46,"2016256N12146","MALAKAS",2016,"2016-MALAKAS",2.48153771558026,-0.447818373418467,5.26050087873006
46,"2017200N26162","NORU",2017,"2017-NORU",0.894471366850572,-0.660271348333525,2.41128407341716
46,"2017252N14147","TALIM",2017,"2017-TALIM",1.30236239136581,-0.951784913218599,3.52395202580661
46,"2018204N15137","JONGDARI",2018,"2018-JONGDARI",1.11647815653808,-0.82032419537921,3.01496645893115
46,"2018226N23128","RUMBIA",2018,"2018-RUMBIA",0.729797192731977,-0.539928848900852,1.96571815736445
46,"2018263N12146","TRAMI",2018,"2018-TRAMI",1.6447907187776,-1.19578173656573,4.45915695358451
46,"2019216N16147","KROSA",2019,"2019-KROSA",0.877943956693618,-0.647459669771593,2.36755953450537
47,"2010243N12146","MALOU",2010,"2010-MALOU",3.46307599603392,-0.61853924927452,7.63177940228322
47,"2011126N11129","AERE",2011,"2011-AERE",1.31236160036151,-0.213087217864187,2.81998809853786
47,"2011140N08142","SONGDA",2011,"2011-SONGDA",2.7802814241955,-0.443859253751592,6.02982520474676
47,"2011208N09145","MUIFA",2011,"2011-MUIFA",4.16768206875143,-0.472971134533149,8.91406963569067
47,"2012162N06150","GUCHOL",2012,"2012-GUCHOL",1.28207879449717,-0.207941716294616,2.75657195539634
47,"2012232N13141","BOLAVEN",2012,"2012-BOLAVEN",2.4501803773545,-0.391726443575633,5.30969700022297
47,"2012263N15141","JELAWAT",2012,"2012-JELAWAT",9.82476241697741,2.13260185413644,18.3761832766201
47,"2013274N18152","DANAS",2013,"2013-DANAS",1.35811201684046,-0.219948145959456,2.92241223630792
47,"2013289N14149","FRANCISCO",2013,"2013-FRANCISCO",2.6140176290611,0.621125535320048,4.52766718701379
47,"2014184N08147","NEOGURI",2014,"2014-NEOGURI",1.1776202422484,-0.191272167194497,2.53000294163647
47,"2014209N16134","NAKRI",2014,"2014-NAKRI",2.98889408397294,-0.523421403842937,6.55851819826244
47,"2014275N06166","VONGFONG",2014,"2014-VONGFONG",2.22117892175045,-0.355875600434496,4.80779374717196
47,"2015188N08194","HALOLA",2015,"2015-HALOLA",1.14577032597396,-0.186200980833671,2.46083933620942
47,"2015226N12151","GONI",2015,"2015-GONI",1.25479257398774,-0.203487036488602,2.69811540154777
47,"2016269N15165","CHABA",2016,"2016-CHABA",1.59589461337704,-0.257905762861578,3.43809398423874
47,"2017252N14147","TALIM",2017,"2017-TALIM",1.0398062582642,-0.169190055769385,2.23174186410873
47,"2017292N13151","SAOLA",2017,"2017-SAOLA",1.76670628706894,-0.285006285262156,3.80975890136654
47,"2018165N22117","GAEMI",2018,"2018-GAEMI",1.32841933867753,-0.215036992761929,2.85926339395186
47,"2018179N19134","PRAPIROON",2018,"2018-PRAPIROON",2.9995883136031,0.750795270239899,5.248066606313
47,"2018184N10147","MARIA",2018,"2018-MARIA",1.29561590804918,-0.652995740059496,3.29199048812974
47,"2018204N15137","JONGDARI",2018,"2018-JONGDARI",2.29363370708602,0.569912584545515,4.01062508780022
47,"2018263N12146","TRAMI",2018,"2018-TRAMI",4.5843649567526,-0.876762835399098,10.3054957668466
47,"2019260N20129","TAPAH",2019,"2019-TAPAH",1.70826541782311,-0.274745835035378,3.68984355907365
