"region_id","prefecture_en","lag","soc","mean","lower","upper"
1,"Hokkaido","lag 0 week","prefecture income",-0.0120218778844383,-0.0460310522889529,0.0219988680860261
1,"Hokkaido","lag 1 week","prefecture income",0.0327832034142661,-0.0010176323169464,0.066595464226693
1,"Hokkaido","lag 2 weeks","prefecture income",0.0197841931145915,-0.0138008118506061,0.0533804791622794
1,"Hokkaido","lag 0 week","potential flood risk",-0.00636054357648907,-0.0288959179271076,0.0161799106729976
1,"Hokkaido","lag 1 week","potential flood risk",0.0270406287023128,0.00466573842268225,0.049420525105548
1,"Hokkaido","lag 2 weeks","potential flood risk",0.00471168731537297,-0.0175311085518715,0.026959431469753
1,"Hokkaido","lag 0 week","potential landslide risk",-0.0258469929174554,-0.056208053237905,0.00452329052698097
1,"Hokkaido","lag 1 week","potential landslide risk",0.0502999480244792,0.02018521143623,0.0804237517561202
1,"Hokkaido","lag 2 weeks","potential landslide risk",0.00137262682140538,-0.0285592853821348,0.0313135007780518
1,"Hokkaido","lag 0 week","distance to
medical facilities",-0.00423984915611797,-0.0264543155839125,0.0179795534026805
1,"Hokkaido","lag 1 week","distance to
medical facilities",0.0288905618805568,0.00683461021178111,0.0509513778669035
1,"Hokkaido","lag 2 weeks","distance to
medical facilities",0.00567414514194287,-0.0162520819228296,0.0276051805824906
2,"Aomori","lag 0 week","prefecture income",-0.00909152037930072,-0.0349977592927431,0.0168214322159299
2,"Aomori","lag 1 week","prefecture income",0.0312868401508348,0.0055528728124532,0.0570274294922735
2,"Aomori","lag 2 weeks","prefecture income",0.0132972900296124,-0.0122795306843226,0.0388806532845454
2,"Aomori","lag 0 week","potential flood risk",-0.00468245765656849,-0.0296680812537864,0.0203094106071999
2,"Aomori","lag 1 week","potential flood risk",0.0373459206998827,0.0125341596339812,0.0621638372291233
2,"Aomori","lag 2 weeks","potential flood risk",0.0109416848293797,-0.0137169174078688,0.0356063683674579
2,"Aomori","lag 0 week","potential landslide risk",-0.0204790139981537,-0.0473388017772636,0.00638799167982373
2,"Aomori","lag 1 week","potential landslide risk",0.0447394121671829,0.0180884579252583,0.0713974678581808
2,"Aomori","lag 2 weeks","potential landslide risk",0.0027017386869721,-0.0237887474542453,0.0291992439565236
2,"Aomori","lag 0 week","distance to
medical facilities",-0.027235606433873,-0.0532303618676733,-0.00123409012814379
2,"Aomori","lag 1 week","distance to
medical facilities",0.0395323811851256,0.0137098060665863,0.0653616234434828
2,"Aomori","lag 2 weeks","distance to
medical facilities",0.0142271277868256,-0.0114198712513613,0.0398807052618411
3,"Iwate","lag 0 week","prefecture income",-0.00677801958043345,-0.0292530684229519,0.0157020820183762
3,"Iwate","lag 1 week","prefecture income",0.030105516543566,0.00778914936376829,0.0524268635379022
3,"Iwate","lag 2 weeks","prefecture income",0.0081763479349295,-0.0140086170399734,0.0303662353261291
3,"Iwate","lag 0 week","potential flood risk",-0.00400580214110491,-0.0323947620152421,0.0243912196751017
3,"Iwate","lag 1 week","potential flood risk",0.0415015807349928,0.0133070268217406,0.0697040829192863
3,"Iwate","lag 2 weeks","potential flood risk",0.0134538903995063,-0.0145598263738722,0.0414754559989516
3,"Iwate","lag 0 week","potential landslide risk",-0.00974219146465671,-0.0322811093310671,0.0128018080703507
3,"Iwate","lag 1 week","potential landslide risk",0.0336192675558289,0.0112410244856198,0.0560025179208168
3,"Iwate","lag 2 weeks","potential landslide risk",0.00536001541375786,-0.0168857473067496,0.027610727709626
3,"Iwate","lag 0 week","distance to
medical facilities",-0.0439047186049257,-0.0766952329727455,-0.0111034438060376
3,"Iwate","lag 1 week","distance to
medical facilities",0.0472486373098713,0.0146615032619479,0.0798463890141266
3,"Iwate","lag 2 weeks","distance to
medical facilities",0.0204286818070054,-0.0119070189911752,0.0527748398257755
4,"Miyagi","lag 0 week","prefecture income",-0.00424011774488031,-0.0275552730406026,0.0190804750138218
4,"Miyagi","lag 1 week","prefecture income",0.0288096563897389,0.0056574966049272,0.0519671760963458
4,"Miyagi","lag 2 weeks","prefecture income",0.00255913121403051,-0.0204540048798663,0.0255775644357081
4,"Miyagi","lag 0 week","potential flood risk",-0.00590042604581287,-0.0280903082497397,0.016294381450388
4,"Miyagi","lag 1 week","potential flood risk",0.0298661676430001,0.00783407681672621,0.0519031122192759
4,"Miyagi","lag 2 weeks","potential flood risk",0.00641987382234976,-0.0154827499461385,0.028327295582975
4,"Miyagi","lag 0 week","potential landslide risk",-0.0212458857756448,-0.0485634420434811,0.00607913660679582
4,"Miyagi","lag 1 week","potential landslide risk",0.0455337555112845,0.0184300340901444,0.072644821695933
4,"Miyagi","lag 2 weeks","potential landslide risk",0.00251186448179119,-0.0244284747187851,0.0294594632745282
4,"Miyagi","lag 0 week","distance to
medical facilities",-0.00252852488487054,-0.0248226574521726,0.0197705791999736
4,"Miyagi","lag 1 week","distance to
medical facilities",0.0280987500306251,0.00596415044096243,0.0502382487331143
4,"Miyagi","lag 2 weeks","distance to
medical facilities",0.0050377474817731,-0.0169661770692775,0.0270465145813858
5,"Akita","lag 0 week","prefecture income",-0.00712855344519037,-0.0298871576327353,0.015635231831479
5,"Akita","lag 1 week","prefecture income",0.0302845040721422,0.00768560735879831,0.0528885074943419
5,"Akita","lag 2 weeks","prefecture income",0.0089522313976298,-0.0135131503939179,0.0314226608050472
5,"Akita","lag 0 week","potential flood risk",-0.00484485429894654,-0.0291800912696649,0.0194963064379161
5,"Akita","lag 1 week","potential flood risk",0.0363485879780967,0.0121833339916888,0.0605196808481478
5,"Akita","lag 2 weeks","potential flood risk",0.0103387648823894,-0.0136787211540979,0.0343620201043615
5,"Akita","lag 0 week","potential landslide risk",-0.0120430362124613,-0.0351236770216756,0.0110429336283024
5,"Akita","lag 1 week","potential landslide risk",0.0360020516291915,0.0130879980654974,0.0589213550442613
5,"Akita","lag 2 weeks","potential landslide risk",0.00479037873803989,-0.0179874788024281,0.0275734255198445
5,"Akita","lag 0 week","distance to
medical facilities",-0.0276871463390171,-0.0538326705163183,-0.00153478259545814
5,"Akita","lag 1 week","distance to
medical facilities",0.0397413775729438,0.0137687160111311,0.0657207839975804
5,"Akita","lag 2 weeks","distance to
medical facilities",0.0143950993917175,-0.0114002302470273,0.0401970837794474
6,"Yamagata","lag 0 week","prefecture income",-0.00312538359583669,-0.0282936503575248,0.0220492193750976
6,"Yamagata","lag 1 week","prefecture income",0.0282404855509233,0.00324355157654832,0.0532436677897374
6,"Yamagata","lag 2 weeks","prefecture income",9.20003891957677e-05,-0.0247509311902538,0.0249411052090753
6,"Yamagata","lag 0 week","potential flood risk",-0.00533204264365761,-0.0281952328717749,0.0175363763133873
6,"Yamagata","lag 1 week","potential flood risk",0.0333566494704174,0.0106548083745217,0.0560636437531681
6,"Yamagata","lag 2 weeks","potential flood risk",0.00853002684964022,-0.0140364343083066,0.0311015811741866
6,"Yamagata","lag 0 week","potential landslide risk",-0.00935871219259754,-0.0318309001806294,0.013118527395739
6,"Yamagata","lag 1 week","potential landslide risk",0.0332221423949397,0.0109099376145227,0.0555393249771052
6,"Yamagata","lag 2 weeks","potential landslide risk",0.00545495517516592,-0.016725253254013,0.0276400840437674
6,"Yamagata","lag 0 week","distance to
medical facilities",-0.0189581568941333,-0.0426402449161256,0.00472954193324604
6,"Yamagata","lag 1 week","distance to
medical facilities",0.0357013873255152,0.0121813456383846,0.0592269602624818
6,"Yamagata","lag 2 weeks","distance to
medical facilities",0.0111481236872324,-0.0122238667728425,0.0345255773145148
7,"Fukushima","lag 0 week","prefecture income",-0.00619613065193647,-0.0284122593018243,0.016024934964376
7,"Fukushima","lag 1 week","prefecture income",0.0298083979531905,0.00775010859421776,0.0518715526163893
7,"Fukushima","lag 2 weeks","prefecture income",0.00688839467650748,-0.015040333976124,0.0288219327438943
7,"Fukushima","lag 0 week","potential flood risk",-0.00362687305242027,-0.0343102418075225,0.0270659136251794
7,"Fukushima","lag 1 week","potential flood risk",0.0438288257592623,0.0133538267590216,0.0743131107751038
7,"Fukushima","lag 2 weeks","potential flood risk",0.0148607530828793,-0.0154151159407201,0.0451457898021479
7,"Fukushima","lag 0 week","potential landslide risk",-0.0185618088198392,-0.0443497650259195,0.00723280052374875
7,"Fukushima","lag 1 week","potential landslide risk",0.0427535813996904,0.0171626283763215,0.0683510822680367
7,"Fukushima","lag 2 weeks","potential landslide risk",0.00317642577718491,-0.0222608814762437,0.0286202050373552
7,"Fukushima","lag 0 week","distance to
medical facilities",-0.037767414366241,-0.0678008086815507,-0.00772499388338455
7,"Fukushima","lag 1 week","distance to
medical facilities",0.0444074146010998,0.0145647256121872,0.0742590081539651
7,"Fukushima","lag 2 weeks","distance to
medical facilities",0.0181452024039519,-0.0114761295220367,0.0477753095700528
8,"Ibaraki","lag 0 week","prefecture income",-0.0019896039462397,-0.0297524467098853,0.0257809488656946
8,"Ibaraki","lag 1 week","prefecture income",0.0276605789705453,8.12135440009243e-05,0.0552475506048866
8,"Ibaraki","lag 2 weeks","prefecture income",-0.00242161747459058,-0.0298264645666846,0.0249907421146611
8,"Ibaraki","lag 0 week","potential flood risk",-0.00454712691978498,-0.0301287396763716,0.0210410319982035
8,"Ibaraki","lag 1 week","potential flood risk",0.0381770388968139,0.0127728618887657,0.0635876688027226
8,"Ibaraki","lag 2 weeks","potential flood risk",0.0114441208951099,-0.0138019907505949,0.0366966070821428
8,"Ibaraki","lag 0 week","potential landslide risk",-0.0273806482427252,-0.0588527638225145,0.00410137811042155
8,"Ibaraki","lag 1 week","potential landslide risk",0.0518887293200265,0.0206744881012133,0.0831127118134489
8,"Ibaraki","lag 2 weeks","potential landslide risk",0.000992883818695667,-0.0300313930936769,0.0320267886800618
8,"Ibaraki","lag 0 week","distance to
medical facilities",-0.029943373347785,-0.0568754876118627,-0.00300400156816316
8,"Ibaraki","lag 1 week","distance to
medical facilities",0.0407856986383015,0.0140300266132654,0.0675485283189614
8,"Ibaraki","lag 2 weeks","distance to
medical facilities",0.0152344252371872,-0.011334820365605,0.0418107308883364
9,"Tochigi","lag 0 week","prefecture income",-0.00317446020352552,-0.0282453442614017,0.021902711122479
9,"Tochigi","lag 1 week","prefecture income",0.0282655433184509,0.00336554701736436,0.0531717395090281
9,"Tochigi","lag 2 weeks","prefecture income",0.000200614930845333,-0.0245461577061845,0.0249535130990131
9,"Tochigi","lag 0 week","potential flood risk",-0.0042629317763665,-0.0312404525734555,0.0227218691613462
9,"Tochigi","lag 1 week","potential flood risk",0.0399224095861461,0.0131307403232306,0.066721255842106
9,"Tochigi","lag 2 weeks","potential flood risk",0.0124992448492067,-0.0141229731875803,0.0391285513120065
9,"Tochigi","lag 0 week","potential landslide risk",-0.0239298906753893,-0.0529657253061533,0.00511437922010582
9,"Tochigi","lag 1 week","potential landslide risk",0.048314006883543,0.0195105081431723,0.0771258004209407
9,"Tochigi","lag 2 weeks","potential landslide risk",0.00184730760266483,-0.026781850753832,0.0304846644419765
9,"Tochigi","lag 0 week","distance to
medical facilities",-0.0142115640643814,-0.0370143565132763,0.00859642998327637
9,"Tochigi","lag 1 week","distance to
medical facilities",0.0335047643506892,0.0108606142365408,0.0561540414833805
9,"Tochigi","lag 2 weeks","distance to
medical facilities",0.00938266768586438,-0.0131242493161099,0.0318946509658691
10,"Gunma","lag 0 week","prefecture income",-0.00470984476544922,-0.0274929859374606,0.0180784885492669
10,"Gunma","lag 1 week","prefecture income",0.0290494966439292,0.00642699061430552,0.0516771201224175
10,"Gunma","lag 2 weeks","prefecture income",0.00359875802866672,-0.018889119040888,0.0260916930997723
10,"Gunma","lag 0 week","potential flood risk",-0.00495311858068614,-0.0288967173644017,0.0189962148193779
10,"Gunma","lag 1 week","potential flood risk",0.0356837050208059,0.0119077665824197,0.0594652957386588
10,"Gunma","lag 2 weeks","potential flood risk",0.00993682027035092,-0.0136946173787567,0.0335738431327615
10,"Gunma","lag 0 week","potential landslide risk",-0.0200955759036003,-0.0467324949231518,0.00654844168783697
10,"Gunma","lag 1 week","potential landslide risk",0.0443422428602513,0.0179117112653948,0.0707797589340586
10,"Gunma","lag 2 weeks","potential landslide risk",0.00279667592475441,-0.0234748059943057,0.0290750613720414
10,"Gunma","lag 0 week","distance to
medical facilities",-0.00491934392177207,-0.0271169139585137,0.0172831547726293
10,"Gunma","lag 1 week","distance to
medical facilities",0.0292049625020274,0.0071655896954459,0.051249192300129
10,"Gunma","lag 2 weeks","distance to
medical facilities",0.00592683598374943,-0.0159830067174238,0.0278414798643878
11,"Saitama","lag 0 week","prefecture income",-0.00270472597051485,-0.0287607571523685,0.0233580963321378
11,"Saitama","lag 1 week","prefecture income",0.0280257049439792,0.00214510058815787,0.0539130072129135
11,"Saitama","lag 2 weeks","prefecture income",-0.000838976557060445,-0.0265585118453426,0.0248871754334745
11,"Saitama","lag 0 week","potential flood risk",-0.00847164392758781,-0.040683378017603,0.0237504703435532
11,"Saitama","lag 1 week","potential flood risk",0.0140774143816857,-0.0179082749401926,0.0460733363792487
11,"Saitama","lag 2 weeks","potential flood risk",-0.00312550025965974,-0.0349039642013604,0.0286630659158238
11,"Saitama","lag 0 week","potential landslide risk",-0.029297684314411,-0.0622146835147719,0.00363015691964286
11,"Saitama","lag 1 week","potential landslide risk",0.0538747414185803,0.0212304124457052,0.0865297246516405
11,"Saitama","lag 2 weeks","potential landslide risk",0.000518207093147538,-0.0319268318781929,0.0329737762319704
11,"Saitama","lag 0 week","distance to
medical facilities",0.032282667873873,-0.000639402056967775,0.0652155765008988
11,"Saitama","lag 1 week","distance to
medical facilities",0.0119962757228809,-0.0206852237864319,0.0446884582460783
11,"Saitama","lag 2 weeks","distance to
medical facilities",-0.00790440118352276,-0.0403356587362569,0.0245373784780512
12,"Chiba","lag 0 week","prefecture income",-0.00206672519488249,-0.0296345985800861,0.0255087503196139
12,"Chiba","lag 1 week","prefecture income",0.0276999552368817,0.000314628261599559,0.0550927817499325
12,"Chiba","lag 2 weeks","prefecture income",-0.00225094171786289,-0.0294632788099158,0.0249688026695116
12,"Chiba","lag 0 week","potential flood risk",-0.00431706424690592,-0.0310146119369747,0.0223876132449563
12,"Chiba","lag 1 week","potential flood risk",0.039589955678565,0.0130765673784783,0.0661103726571133
12,"Chiba","lag 2 weeks","potential flood risk",0.012298267999733,-0.014047941877271,0.038651420079705
12,"Chiba","lag 0 week","potential landslide risk",-0.0289142800409148,-0.0615376692243874,0.00371975855115725
12,"Chiba","lag 1 week","potential landslide risk",0.0534775358451256,0.0211238300830363,0.0858417070193074
12,"Chiba","lag 2 weeks","potential landslide risk",0.000613142258010235,-0.0315431723886483,0.0327798004530644
12,"Chiba","lag 0 week","distance to
medical facilities",0.0185145122859609,-0.00858634649156809,0.0456227162596301
12,"Chiba","lag 1 week","distance to
medical facilities",0.0183639765792831,-0.00854039818677377,0.045275590417404
12,"Chiba","lag 2 weeks","distance to
medical facilities",-0.00278639782637091,-0.0295037881229976,0.0239381327663546
13,"Tokyo","lag 0 week","prefecture income",0.000842890392993567,-0.0354147020656614,0.0371136336390521
13,"Tokyo","lag 1 week","prefecture income",0.0262144068361669,-0.00981695562126683,0.0622587531590391
13,"Tokyo","lag 2 weeks","prefecture income",-0.00868987072245586,-0.0444813597511806,0.0271144343138685
13,"Tokyo","lag 0 week","potential flood risk",-0.00614401794343244,-0.0284175975727052,0.0161345242195798
13,"Tokyo","lag 1 week","potential flood risk",0.0283702841439526,0.00625529644755485,0.0504901622612186
13,"Tokyo","lag 2 weeks","potential flood risk",0.00551553615468769,-0.0164694173677371,0.0275053238550926
13,"Tokyo","lag 0 week","potential landslide risk",-0.0281474670826842,-0.0601904602303138,0.003905799782844
13,"Tokyo","lag 1 week","potential landslide risk",0.0526831294288543,0.020903886073409,0.0844724698767063
13,"Tokyo","lag 2 weeks","potential landslide risk",0.000803012858097141,-0.0307825872112422,0.0323985925007264
13,"Tokyo","lag 0 week","distance to
medical facilities",0.0522043997203347,0.00906214882734346,0.0953652614649192
13,"Tokyo","lag 1 week","distance to
medical facilities",0.00278484647751043,-0.0400350914753989,0.0456231272448315
13,"Tokyo","lag 2 weeks","distance to
medical facilities",-0.0153081481401807,-0.0577739346062645,0.0271756821807578
14,"Kanagawa","lag 0 week","prefecture income",-0.000454177616204809,-0.0325463009441584,0.0316482481085956
14,"Kanagawa","lag 1 week","prefecture income",0.0268766365303819,-0.00501069514075025,0.058774136730233
14,"Kanagawa","lag 2 weeks","prefecture income",-0.00581955599879835,-0.0374988175344537,0.0258697450576717
14,"Kanagawa","lag 0 week","potential flood risk",-0.00472305684188212,-0.0295392601572408,0.0200993067326349
14,"Kanagawa","lag 1 week","potential flood risk",0.0370965865872819,0.0124532329619065,0.0617460124052505
14,"Kanagawa","lag 2 weeks","potential flood risk",0.0107909545018714,-0.0137006406957352,0.035288548903778
14,"Kanagawa","lag 0 week","potential landslide risk",-0.00629082507023204,-0.0284818914248697,0.0159051671216215
14,"Kanagawa","lag 1 week","potential landslide risk",0.0300451978632044,0.00801182638059394,0.0520834236514833
14,"Kanagawa","lag 2 weeks","potential landslide risk",0.00621447651116824,-0.0156893416915493,0.028123093239274
14,"Kanagawa","lag 0 week","distance to
medical facilities",0.0438497779182923,0.00517039471983338,0.0825441212900957
14,"Kanagawa","lag 1 week","distance to
medical facilities",0.00664753780312832,-0.0317459110215412,0.0450557318779188
14,"Kanagawa","lag 2 weeks","distance to
medical facilities",-0.0122034682528915,-0.0502873392650982,0.0258949138688847
15,"Niigata","lag 0 week","prefecture income",-0.00508141830816156,-0.0275596726039717,0.0174018900997108
15,"Niigata","lag 1 week","prefecture income",0.0292392214314541,0.00692023483348514,0.0515631890563695
15,"Niigata","lag 2 weeks","prefecture income",0.00442115704581969,-0.0177657651096452,0.0266130026711497
15,"Niigata","lag 0 week","potential flood risk",-0.00765968752872714,-0.0349486274663358,0.0196367018747923
15,"Niigata","lag 1 week","potential flood risk",0.0190630672155967,-0.00803332509020649,0.0461668022560202
15,"Niigata","lag 2 weeks","potential flood risk",-0.000111270033564814,-0.0270379759028549,0.0268226882715217
15,"Niigata","lag 0 week","potential landslide risk",-0.00859174923636408,-0.0309512681670676,0.0137727707230972
15,"Niigata","lag 1 week","potential landslide risk",0.0324278968028002,0.0102272422345395,0.0546334795576975
15,"Niigata","lag 2 weeks","potential landslide risk",0.00564483496838797,-0.0164246729845718,0.0277192143532723
15,"Niigata","lag 0 week","distance to
medical facilities",-0.0170687300939942,-0.0403579356324846,0.00622590150527458
15,"Niigata","lag 1 week","distance to
medical facilities",0.0348269822105118,0.0116982337661886,0.0579610794191332
15,"Niigata","lag 2 weeks","distance to
medical facilities",0.0104453532186133,-0.0125401484179499,0.0334361388506732
16,"Toyama","lag 0 week","prefecture income",-0.000951966817264172,-0.0315565708904231,0.0296620066304376
16,"Toyama","lag 1 week","prefecture income",0.0271307907123486,-0.00327647299349643,0.0575473007380145
16,"Toyama","lag 2 weeks","prefecture income",-0.00471795387493312,-0.034928603493134,0.0255018257657724
16,"Toyama","lag 0 week","potential flood risk",-0.00956777460754399,-0.0496895189635471,0.0305700752949223
16,"Toyama","lag 1 week","potential flood risk",0.00734717726837975,-0.0324936691994848,0.0472039018261095
16,"Toyama","lag 2 weeks","potential flood risk",-0.00719456694514564,-0.0467698610695289,0.0323963965468188
16,"Toyama","lag 0 week","potential landslide risk",-0.0193286953028338,-0.0455324203814333,0.00688189925568405
16,"Toyama","lag 1 week","potential landslide risk",0.0435479089765378,0.017545795919216,0.0695567819466003
16,"Toyama","lag 2 weeks","potential landslide risk",0.00298655067072495,-0.022859269683817,0.0288390526169024
16,"Toyama","lag 0 week","distance to
medical facilities",-0.00575915934075688,-0.0279474682142511,0.0164340741195312
16,"Toyama","lag 1 week","distance to
medical facilities",0.0295935474282416,0.00756311115495123,0.0516288367357065
16,"Toyama","lag 2 weeks","distance to
medical facilities",0.00623915020248056,-0.0156618517628271,0.0281449494579977
17,"Ishikawa","lag 0 week","prefecture income",-0.00422609600885249,-0.0275595501029846,0.0191128040869515
17,"Ishikawa","lag 1 week","prefecture income",0.028802496988023,0.00563211960036281,0.051978242737194
17,"Ishikawa","lag 2 weeks","prefecture income",0.0025280977438813,-0.0205031059081429,0.0255646068471282
17,"Ishikawa","lag 0 week","potential flood risk",-0.00550797118480384,-0.0280357081945959,0.0170248422375341
17,"Ishikawa","lag 1 week","potential flood risk",0.03227624922304,0.00990796835338426,0.0546495329968977
17,"Ishikawa","lag 2 weeks","potential flood risk",0.00787687948813343,-0.0143589049791504,0.0301176089665844
17,"Ishikawa","lag 0 week","potential landslide risk",-0.0120430362124613,-0.0351236770216756,0.0110429336283024
17,"Ishikawa","lag 1 week","potential landslide risk",0.0360020516291915,0.0130879980654974,0.0589213550442613
17,"Ishikawa","lag 2 weeks","potential landslide risk",0.00479037873803989,-0.0179874788024281,0.0275734255198445
17,"Ishikawa","lag 0 week","distance to
medical facilities",-0.0180248418687801,-0.0415059946916374,0.00546182688889729
17,"Ishikawa","lag 1 week","distance to
medical facilities",0.0352694567849809,0.0119495279602866,0.058594823150715
17,"Ishikawa","lag 2 weeks","distance to
medical facilities",0.0108009757903149,-0.0123733535106751,0.0339806762512884
18,"Fukui","lag 0 week","prefecture income",-0.00127447680784432,-0.0309553994781608,0.02841525816204
18,"Fukui","lag 1 week","prefecture income",0.027295454329912,-0.00219269104727582,0.0567922954049394
18,"Fukui","lag 2 weeks","prefecture income",-0.00400423334439015,-0.0333029129251705,0.0253030332223458
18,"Fukui","lag 0 week","potential flood risk",-0.00928359373322252,-0.0472562522736863,0.028703490852422
18,"Fukui","lag 1 week","potential flood risk",0.00909201006771276,-0.0286147675152115,0.0468130097310393
18,"Fukui","lag 2 weeks","potential flood risk",-0.00613963962980968,-0.0435965259137028,0.0313312829567369
18,"Fukui","lag 0 week","potential landslide risk",0.00483105482791402,-0.0200276432100854,0.0296959336524738
18,"Fukui","lag 1 week","potential landslide risk",0.0185296197064311,-0.00613167475049803,0.0431969963307521
18,"Fukui","lag 2 weeks","potential landslide risk",0.00896778971002377,-0.0155526223032387,0.0334942151646089
18,"Fukui","lag 0 week","distance to
medical facilities",-0.00942167068701538,-0.0317196897035799,0.0128813219236745
18,"Fukui","lag 1 week","distance to
medical facilities",0.0312882573975104,0.00914755993672856,0.0534338565147507
18,"Fukui","lag 2 weeks","distance to
medical facilities",0.00760122295295762,-0.0144085903379887,0.0296158812608249
19,"Yamanashi","lag 0 week","prefecture income",-0.00602787298124019,-0.0282195756516779,0.0161687557959977
19,"Yamanashi","lag 1 week","prefecture income",0.0297224843084143,0.00768857951707336,0.0517612436561121
19,"Yamanashi","lag 2 weeks","prefecture income",0.00651597754874889,-0.0153884988435937,0.028425252740405
19,"Yamanashi","lag 0 week","potential flood risk",-0.00642820774066077,-0.0290806831743873,0.0162294005321639
19,"Yamanashi","lag 1 week","potential flood risk",0.0266251150015329,0.00413393895630776,0.0491213493676756
19,"Yamanashi","lag 2 weeks","potential flood risk",0.00446048587816605,-0.0178976614985338,0.0268236330172478
19,"Yamanashi","lag 0 week","potential landslide risk",-0.000154768438254127,-0.0231446014941961,0.0228403511654873
19,"Yamanashi","lag 1 week","potential landslide risk",0.0236916114852326,0.000872711018828909,0.0465157189283971
19,"Yamanashi","lag 2 weeks","potential landslide risk",0.00773353648846342,-0.0149531714599416,0.0304253920737851
19,"Yamanashi","lag 0 week","distance to
medical facilities",-0.0246873302911066,-0.0498757038195463,0.000507390944903818
19,"Yamanashi","lag 1 week","distance to
medical facilities",0.0383529310038488,0.013333118328851,0.0633790027545933
19,"Yamanashi","lag 2 weeks","distance to
medical facilities",0.0132791955689493,-0.0115745065770612,0.0381390754951028
20,"Nagano","lag 0 week","prefecture income",-0.00443642184275728,-0.0275099044371396,0.0186423860726093
20,"Nagano","lag 1 week","prefecture income",0.0289098880678074,0.00599832934982114,0.0518266958661862
20,"Nagano","lag 2 weeks","prefecture income",0.00299360080706634,-0.0197809219945499,0.0257733114237491
20,"Nagano","lag 0 week","potential flood risk",-0.00496665160765186,-0.0288637600069697,0.0189361691583567
20,"Nagano","lag 1 week","potential flood risk",0.0356005949618821,0.0118708720433958,0.0593359482094602
20,"Nagano","lag 2 weeks","potential flood risk",0.00988657730742748,-0.0136990338225229,0.0334777520100582
20,"Nagano","lag 0 week","potential landslide risk",0.0251604455220322,-0.0140874821611514,0.0644237793738567
20,"Nagano","lag 1 week","potential landslide risk",-0.00251266685762364,-0.0413765026024304,0.036366279116562
20,"Nagano","lag 2 weeks","potential landslide risk",0.0139999027980231,-0.0246543261692156,0.0526690769440563
20,"Nagano","lag 0 week","distance to
medical facilities",-0.0286262823014249,-0.0550926103677241,-0.00215294570873326
20,"Nagano","lag 1 week","distance to
medical facilities",0.0401760634516579,0.0138840542586838,0.0664749843824586
20,"Nagano","lag 2 weeks","distance to
medical facilities",0.014744458724536,-0.0113664963021343,0.040862232345984
21,"Gifu","lag 0 week","prefecture income",-0.00194753778555157,-0.0298177640010722,0.0259304582418407
21,"Gifu","lag 1 week","prefecture income",0.027639101013599,-4.71339471563859e-05,0.0553330012540432
21,"Gifu","lag 2 weeks","prefecture income",-0.00251471321911501,-0.0300255888006862,0.0250037331183783
21,"Gifu","lag 0 week","potential flood risk",-0.00752436082124275,-0.0341082305009288,0.0190665782909827
21,"Gifu","lag 1 week","potential flood risk",0.0198940335171205,-0.0065020430005891,0.046297078016444
21,"Gifu","lag 2 weeks","potential flood risk",0.000391110504183168,-0.0258407651189452,0.0266298690188904
21,"Gifu","lag 0 week","potential landslide risk",0.00636520430499221,-0.0192533809252993,0.031990353918232
21,"Gifu","lag 1 week","potential landslide risk",0.0169413681393227,-0.00846939875881469,0.0423585926551118
21,"Gifu","lag 2 weeks","potential landslide risk",0.00934756299659778,-0.0159186851803828,0.0346201960229386
21,"Gifu","lag 0 week","distance to
medical facilities",-0.00773834113952931,-0.0299556820620772,0.0144839373644734
21,"Gifu","lag 1 week","distance to
medical facilities",0.0305093392215294,0.00844939998054794,0.0525741444605599
21,"Gifu","lag 2 weeks","distance to
medical facilities",0.00697519118983969,-0.0149549063171772,0.0289100987079793
22,"Shizuoka","lag 0 week","prefecture income",-0.00248738550409078,-0.029037270867216,0.0240695508705979
22,"Shizuoka","lag 1 week","prefecture income",0.0279147351444076,0.00154258239772886,0.0542938426882023
22,"Shizuoka","lag 2 weeks","prefecture income",-0.00131997791678051,-0.0275271532088395,0.0248940674267839
22,"Shizuoka","lag 0 week","potential flood risk",-0.00642820774066077,-0.0290806831743873,0.0162294005321639
22,"Shizuoka","lag 1 week","potential flood risk",0.0266251150015329,0.00413393895630776,0.0491213493676756
22,"Shizuoka","lag 2 weeks","potential flood risk",0.00446048587816605,-0.0178976614985338,0.0268236330172478
22,"Shizuoka","lag 0 week","potential landslide risk",-0.00897523144983703,-0.0313876012408398,0.0134421630614945
22,"Shizuoka","lag 1 week","potential landslide risk",0.0328250188105894,0.0105720283489763,0.0550829607045999
22,"Shizuoka","lag 2 weeks","potential landslide risk",0.00554989502670189,-0.0165715437268621,0.0276762281719023
22,"Shizuoka","lag 0 week","distance to
medical facilities",0.00329068295121804,-0.0196619353627248,0.0262485705280646
22,"Shizuoka","lag 1 week","distance to
medical facilities",0.0254064116679498,0.00261913037595818,0.0481988854258431
22,"Shizuoka","lag 2 weeks","distance to
medical facilities",0.00287384492587694,-0.0197747856091723,0.0255276060801668
23,"Aichi","lag 0 week","prefecture income",-0.000552333429448826,-0.0323456018460955,0.0312510463769566
23,"Aichi","lag 1 week","prefecture income",0.0269267513883786,-0.00466323202392704,0.0585267145365886
23,"Aichi","lag 2 weeks","prefecture income",-0.00560233963916579,-0.0369865495141286,0.0257917235664928
23,"Aichi","lag 0 week","potential flood risk",-0.00688832284277963,-0.0307555917426594,0.0169846442748645
23,"Aichi","lag 1 week","potential flood risk",0.0237996676107244,0.000101937274177288,0.0475030137657706
23,"Aichi","lag 2 weeks","potential flood risk",0.00275233283901777,-0.0208026421487761,0.0263128573497307
23,"Aichi","lag 0 week","potential landslide risk",-0.0281474670826842,-0.0601904602303138,0.003905799782844
23,"Aichi","lag 1 week","potential landslide risk",0.0526831294288543,0.020903886073409,0.0844724698767063
23,"Aichi","lag 2 weeks","potential landslide risk",0.000803012858097141,-0.0307825872112422,0.0323985925007264
23,"Aichi","lag 0 week","distance to
medical facilities",0.0326725391011307,-0.000433232625829394,0.0657892707968122
23,"Aichi","lag 1 week","distance to
medical facilities",0.0118159809563201,-0.02104780059623,0.0446905650639318
23,"Aichi","lag 2 weeks","distance to
medical facilities",-0.0080493130071968,-0.0406609183430384,0.0245729318227639
24,"Mie","lag 0 week","prefecture income",-0.002361187597133,-0.0292081251670795,0.0244929596591836
24,"Mie","lag 1 week","prefecture income",0.027850301123733,0.00118249254112968,0.0545252213423497
24,"Mie","lag 2 weeks","prefecture income",-0.00159926796714505,-0.0280997552078888,0.0249082440057613
24,"Mie","lag 0 week","potential flood risk",-0.00591395894458113,-0.0281025687732472,0.0162795756121215
24,"Mie","lag 1 week","potential flood risk",0.029783062417299,0.00775225132534363,0.0518187266993708
24,"Mie","lag 2 weeks","potential flood risk",0.00636963262627965,-0.0155317293092483,0.0282757920034626
24,"Mie","lag 0 week","potential landslide risk",-0.015110746852387,-0.0392666737571212,0.00905101743255976
24,"Mie","lag 1 week","potential landslide risk",0.0391791853500356,0.0152019584935825,0.0631621604066934
24,"Mie","lag 2 weeks","potential landslide risk",0.00403086821767484,-0.0198031464289317,0.0278705645919919
24,"Mie","lag 0 week","distance to
medical facilities",-0.0158767244042957,-0.0389468476963417,0.00719872326730986
24,"Mie","lag 1 week","distance to
medical facilities",0.034275348042101,0.011364836103156,0.0571911083001364
24,"Mie","lag 2 weeks","distance to
medical facilities",0.0100019972292476,-0.0127679667862313,0.0327771466194005
25,"Shiga","lag 0 week","prefecture income",-0.00119735494820139,-0.0310960848282971,0.0287103170530267
25,"Shiga","lag 1 week","prefecture income",0.0272560782227815,-0.00244880304436368,0.0569697835057337
25,"Shiga","lag 2 weeks","prefecture income",-0.0041749061086116,-0.0336886333544228,0.0253475346736254
25,"Shiga","lag 0 week","potential flood risk",-0.00692892113249854,-0.0309362394357526,0.0170841624676399
25,"Shiga","lag 1 week","potential flood risk",0.0235503672609383,-0.000286471118271514,0.0473928876050467
25,"Shiga","lag 2 weeks","potential flood risk",0.00260161485399202,-0.021091350389757,0.0263001948479946
25,"Shiga","lag 0 week","potential landslide risk",-0.0197121363385011,-0.0461303331156238,0.00671304287085395
25,"Shiga","lag 1 week","potential landslide risk",0.0439450751300363,0.0177308580757485,0.0701661628178529
25,"Shiga","lag 2 weeks","potential landslide risk",0.00289161325268683,-0.0231649461008177,0.0289549636221631
25,"Shiga","lag 0 week","distance to
medical facilities",0.000309336308257357,-0.0222324819628916,0.0228562370450769
25,"Shiga","lag 1 week","distance to
medical facilities",0.0267857450050979,0.0044058395892943,0.0491706588019225
25,"Shiga","lag 2 weeks","distance to
medical facilities",0.00398245252752893,-0.0182637779012951,0.0262336328080481
26,"Kyoto","lag 0 week","prefecture income",-0.00638542019304467,-0.0286562350935826,0.0158903560211865
26,"Kyoto","lag 1 week","prefecture income",0.0299050508917542,0.00779223058169354,0.0520227605890433
26,"Kyoto","lag 2 weeks","prefecture income",0.00730736560297096,-0.0146755287962486,0.0292950931879421
26,"Kyoto","lag 0 week","potential flood risk",-0.00830925317527598,-0.0394556754680364,0.0228468739428056
26,"Kyoto","lag 1 week","potential flood risk",0.0150745250664608,-0.0158531462296052,0.0460117630876944
26,"Kyoto","lag 2 weeks","potential flood risk",-0.00252266148300651,-0.0332511314023121,0.0282152539656799
26,"Kyoto","lag 0 week","potential landslide risk",-0.00974219146465671,-0.0322811093310671,0.0128018080703507
26,"Kyoto","lag 1 week","potential landslide risk",0.0336192675558289,0.0112410244856198,0.0560025179208168
26,"Kyoto","lag 2 weeks","potential landslide risk",0.00536001541375786,-0.0168857473067496,0.027610727709626
26,"Kyoto","lag 0 week","distance to
medical facilities",0.0312445780206172,-0.0011925398373025,0.0636922176701527
26,"Kyoto","lag 1 week","distance to
medical facilities",0.0124763422383101,-0.0197239444126973,0.0446869995194277
26,"Kyoto","lag 2 weeks","distance to
medical facilities",-0.00751854822431675,-0.0394737145036905,0.0244468334139603
27,"Osaka","lag 0 week","prefecture income",-0.00862882450168856,-0.0335806257765636,0.0163292047884678
27,"Osaka","lag 1 week","prefecture income",0.0310505743132961,0.00626709539679471,0.0558401950531584
27,"Osaka","lag 2 weeks","prefecture income",0.0122730806335847,-0.0123603753987678,0.0369126054876379
27,"Osaka","lag 0 week","potential flood risk",-0.0085122415744654,-0.0409955639027126,0.0239816367435752
27,"Osaka","lag 1 week","potential flood risk",0.0138281382637384,-0.0184272760116566,0.0460939585741782
27,"Osaka","lag 2 weeks","potential flood risk",-0.00327620938597173,-0.0353223602898578,0.028780214704538
27,"Osaka","lag 0 week","potential landslide risk",-0.0258469929174554,-0.056208053237905,0.00452329052698097
27,"Osaka","lag 1 week","potential landslide risk",0.0502999480244792,0.02018521143623,0.0804237517561202
27,"Osaka","lag 2 weeks","potential landslide risk",0.00137262682140538,-0.0285592853821348,0.0313135007780518
27,"Osaka","lag 0 week","distance to
medical facilities",0.0445290423383149,0.00549480401086377,0.0835785165462122
27,"Osaka","lag 1 week","distance to
medical facilities",0.00633346781337973,-0.0324119818904123,0.045093934483198
27,"Osaka","lag 2 weeks","distance to
medical facilities",-0.0124559045222683,-0.0508881935057603,0.0259911623898157
28,"Hyogo","lag 0 week","prefecture income",-0.00475190976411133,-0.0274952817417407,0.0179966362458206
28,"Hyogo","lag 1 week","prefecture income",0.0290709749036999,0.00648806099916577,0.0516589883573504
28,"Hyogo","lag 2 weeks","prefecture income",0.00369185946471617,-0.0187567572969449,0.0261455165757152
28,"Hyogo","lag 0 week","potential flood risk",-0.00649587185904688,-0.0292818393488381,0.0162952891546331
28,"Hyogo","lag 1 week","potential flood risk",0.0262096030268166,0.00358585494641961,0.0488384692634458
28,"Hyogo","lag 2 weeks","potential flood risk",0.00420928507194329,-0.018280366337009,0.026703995249866
28,"Hyogo","lag 0 week","potential landslide risk",-0.00782478039725865,-0.0300996921782315,0.0144550945945898
28,"Hyogo","lag 1 week","potential landslide risk",0.0316336575168386,0.00951685116439283,0.0537553549350367
28,"Hyogo","lag 2 weeks","potential landslide risk",0.00583471512212164,-0.0161516355342228,0.0278259005555226
28,"Hyogo","lag 0 week","distance to
medical facilities",0.0256250359654819,-0.00430381445866157,0.0555628441360145
28,"Hyogo","lag 1 week","distance to
medical facilities",0.0150752360337458,-0.0146359227047643,0.0447952235939741
28,"Hyogo","lag 2 weeks","distance to
medical facilities",-0.00542969636200263,-0.0349226160095917,0.0240719246474397
29,"Nara","lag 0 week","prefecture income",-0.00625221647925223,-0.0284815521539583,0.0159820620369011
29,"Nara","lag 1 week","prefecture income",0.0298370358511768,0.00776557349830842,0.0519133693202667
29,"Nara","lag 2 weeks","prefecture income",0.00701253402728419,-0.0149292832119063,0.0289591664187849
29,"Nara","lag 0 week","potential flood risk",-0.00504784973104355,-0.0286778577851754,0.0185877436976734
29,"Nara","lag 1 week","potential flood risk",0.0351019360582239,0.0116377385225519,0.0585716386388935
29,"Nara","lag 2 weeks","potential flood risk",0.00958512005995171,-0.0137372058271135,0.0329128860032002
29,"Nara","lag 0 week","potential landslide risk",-0.00935871219259754,-0.0318309001806294,0.013118527395739
29,"Nara","lag 1 week","potential landslide risk",0.0332221423949397,0.0109099376145227,0.0555393249771052
29,"Nara","lag 2 weeks","potential landslide risk",0.00545495517516592,-0.016725253254013,0.0276400840437674
29,"Nara","lag 0 week","distance to
medical facilities",0.00834875244111188,-0.0156302195182478,0.0323334752102999
29,"Nara","lag 1 week","distance to
medical facilities",0.023066410799033,-0.000739308200270461,0.0468777969628187
29,"Nara","lag 2 weeks","distance to
medical facilities",0.000993115925296273,-0.022661664830792,0.024653493436233
30,"Wakayama","lag 0 week","prefecture income",-0.00933688853654857,-0.0357941435833786,0.0171273688801765
30,"Wakayama","lag 1 week","prefecture income",0.0314121328668815,0.00512946924113855,0.0577017039223637
30,"Wakayama","lag 2 weeks","prefecture income",0.0138404356319288,-0.0122809914766875,0.0399686868681748
30,"Wakayama","lag 0 week","potential flood risk",-0.00673946230612676,-0.0301370339998108,0.0166635855014974
30,"Wakayama","lag 1 week","potential flood risk",0.0247137742093617,0.00148257750904879,0.0479503677146775
30,"Wakayama","lag 2 weeks","potential flood risk",0.00330496739417985,-0.0197872308481228,0.0264024991880607
30,"Wakayama","lag 0 week","potential landslide risk",0.0144198751892421,-0.0162625660402815,0.0451117320719785
30,"Wakayama","lag 1 week","potential landslide risk",0.00860346118072286,-0.0218041295905858,0.0390203001842782
30,"Wakayama","lag 2 weeks","potential landslide risk",0.0113413964114351,-0.0188972479736815,0.0415891862809437
30,"Wakayama","lag 0 week","distance to
medical facilities",0.000111578348138686,-0.02240837661035,0.0226366059270511
30,"Wakayama","lag 1 week","distance to
medical facilities",0.0268772407354456,0.00451900486013734,0.0492404752919562
30,"Wakayama","lag 2 weeks","distance to
medical facilities",0.00405599002073487,-0.0181688361513777,0.0262857565194397
31,"Tottori","lag 0 week","prefecture income",-0.00539690419455452,-0.0277002393131776,0.0169114066899567
31,"Tottori","lag 1 week","prefecture income",0.0294003087977002,0.0072554297457561,0.0515500914505473
31,"Tottori","lag 2 weeks","prefecture income",0.00511942567120727,-0.0168949005329599,0.0271385989998985
31,"Tottori","lag 0 week","potential flood risk",-0.0071860432512505,-0.0321917649824477,0.0178259333546871
31,"Tottori","lag 1 week","potential flood risk",0.0219714794748693,-0.00285705916203138,0.0468061828512223
31,"Tottori","lag 2 weeks","potential flood risk",0.00164707289052046,-0.0230296616019587,0.0263298981979299
31,"Tottori","lag 0 week","potential landslide risk",0.00521458999080959,-0.019826690925373,0.0302621428079908
31,"Tottori","lag 1 week","potential landslide risk",0.0181325544501787,-0.00670880747268843,0.0429800877197017
31,"Tottori","lag 2 weeks","potential landslide risk",0.00906273289646986,-0.0156368753893577,0.0337684428429075
31,"Tottori","lag 0 week","distance to
medical facilities",-0.0175280302768477,-0.040907666693879,0.00585707445113215
31,"Tottori","lag 1 week","distance to
medical facilities",0.0350395388590607,0.011820718265465,0.0582637499517702
31,"Tottori","lag 2 weeks","distance to
medical facilities",0.0106161878007383,-0.0124582762286329,0.0336959768024059
32,"Shimane","lag 0 week","prefecture income",-0.00451354120433178,-0.027499604717085,0.0184778073529346
32,"Shimane","lag 1 week","prefecture income",0.0289492648259726,0.00612473758194731,0.0517790013413455
32,"Shimane","lag 2 weeks","prefecture income",0.00316428580646733,-0.0195239277365644,0.0258576479050587
32,"Shimane","lag 0 week","potential flood risk",-0.00686125730714471,-0.0306379573627447,0.016921097795719
32,"Shimane","lag 1 week","potential flood risk",0.0239658681891131,0.000358097573660565,0.0475792120529617
32,"Shimane","lag 2 weeks","potential flood risk",0.00285281162188955,-0.0206129271391853,0.0263240579271962
32,"Shimane","lag 0 week","potential landslide risk",0.024393223676733,-0.0141984678453388,0.0629998105002416
32,"Shimane","lag 1 week","potential landslide risk",-0.00171869868941243,-0.0399345898033809,0.0365118028024858
32,"Shimane","lag 2 weeks","potential landslide risk",0.0138100071411129,-0.024199344602327,0.0518338094896986
32,"Shimane","lag 0 week","distance to
medical facilities",-0.0329350592591982,-0.060989405534595,-0.00487283771728464
32,"Shimane","lag 1 week","distance to
medical facilities",0.0421704886188756,0.0142977301564651,0.0700510148773148
32,"Shimane","lag 2 weeks","distance to
medical facilities",0.0163473849320583,-0.0113261487728722,0.0440285777491445
33,"Okayama","lag 0 week","prefecture income",-0.00384750839302894,-0.0277255452264757,0.0200362316280955
33,"Okayama","lag 1 week","prefecture income",0.0286091933349164,0.00489665742107182,0.0523273518170386
33,"Okayama","lag 2 weeks","prefecture income",0.00169019769069578,-0.021878723078006,0.0252646746152552
33,"Okayama","lag 0 week","potential flood risk",-0.00902647700812276,-0.045107398225841,0.0270674684132333
33,"Okayama","lag 1 week","potential flood risk",0.0106706945460777,-0.0251574966564805,0.0465117255716629
33,"Okayama","lag 2 weeks","potential flood risk",-0.00518517199253887,-0.0407773624802599,0.0304196917032318
33,"Okayama","lag 0 week","potential landslide risk",-0.00168881789556208,-0.0243131187722234,0.020940602815811
33,"Okayama","lag 1 week","potential landslide risk",0.0252799702450401,0.00282112050491445,0.0477438638421868
33,"Okayama","lag 2 weeks","potential landslide risk",0.00735376933096443,-0.0149744493743498,0.0296869742764549
33,"Okayama","lag 0 week","distance to
medical facilities",-0.00670698661789926,-0.0289002927282955,0.0154912463447454
33,"Okayama","lag 1 week","distance to
medical facilities",0.0300321154745875,0.00799640515949385,0.0520726811267469
33,"Okayama","lag 2 weeks","distance to
medical facilities",0.00659163666416607,-0.0153145550981559,0.028502627973892
34,"Hiroshima","lag 0 week","prefecture income",-0.00674296612637182,-0.029194855503456,0.0157139655961869
34,"Hiroshima","lag 1 week","prefecture income",0.0300876178083165,0.00779432882203057,0.0523858763145979
34,"Hiroshima","lag 2 weeks","prefecture income",0.00809875991973907,-0.0140632974848787,0.0302657295830677
34,"Hiroshima","lag 0 week","potential flood risk",-0.00610341933503511,-0.0283474154106567,0.016145526097211
34,"Hiroshima","lag 1 week","potential flood risk",0.0286195965069735,0.00653396076821799,0.0507101096800966
34,"Hiroshima","lag 2 weeks","potential flood risk",0.00566625853140046,-0.016289567804717,0.0276269062359891
34,"Hiroshima","lag 0 week","potential landslide risk",0.0428081722763984,-0.0125781296057448,0.098225154441911
34,"Hiroshima","lag 1 week","potential landslide risk",-0.0207721949340045,-0.0755702860875118,0.0340559472370883
34,"Hiroshima","lag 2 weeks","potential landslide risk",0.0183676024210877,-0.0361483966062059,0.0729133321370368
34,"Hiroshima","lag 0 week","distance to
medical facilities",0.0108258166999553,-0.0137940257400326,0.0354517213425609
34,"Hiroshima","lag 1 week","distance to
medical facilities",0.0219205164671443,-0.00252127188410389,0.0463682789792141
34,"Hiroshima","lag 2 weeks","distance to
medical facilities",7.21230768885306e-05,-0.0242111705172965,0.0243613148825927
35,"Yamaguchi","lag 0 week","prefecture income",-0.00906347826584719,-0.0349086525629594,0.0167883780942235
35,"Yamaguchi","lag 1 week","prefecture income",0.0312725209932863,0.00559936288302421,0.0569522698449898
35,"Yamaguchi","lag 2 weeks","prefecture income",0.0132352164343263,-0.0122812493291269,0.0387581938977366
35,"Yamaguchi","lag 0 week","potential flood risk",-0.00472305684188212,-0.0295392601572408,0.0200993067326349
35,"Yamaguchi","lag 1 week","potential flood risk",0.0370965865872819,0.0124532329619065,0.0617460124052505
35,"Yamaguchi","lag 2 weeks","potential flood risk",0.0107909545018714,-0.0137006406957352,0.035288548903778
35,"Yamaguchi","lag 0 week","potential landslide risk",0.0209407981967447,-0.014769835970907,0.0566641867421058
35,"Yamaguchi","lag 1 week","potential landslide risk",0.00185423608041191,-0.0335171001055845,0.037238087775493
35,"Yamaguchi","lag 2 weeks","potential landslide risk",0.0129554811468813,-0.0222228827871929,0.0481462230045748
35,"Yamaguchi","lag 0 week","distance to
medical facilities",-0.0191332403653877,-0.0428544875759274,0.00459363623328546
35,"Yamaguchi","lag 1 week","distance to
medical facilities",0.0357824151771879,0.0122233765055046,0.0593470034535803
35,"Yamaguchi","lag 2 weeks","distance to
medical facilities",0.011213246737185,-0.0121972641907053,0.0346292388538449
36,"Tokushima","lag 0 week","prefecture income",-0.00826427472648827,-0.0325490387260374,0.0160263886908929
36,"Tokushima","lag 1 week","prefecture income",0.0308644258646407,0.00674528431054977,0.0549893843562632
36,"Tokushima","lag 2 weeks","prefecture income",0.0114661351634515,-0.0125079906907244,0.0354460093237252
36,"Tokushima","lag 0 week","potential flood risk",-0.0101496662587297,-0.0548260532276745,0.0345466914549064
36,"Tokushima","lag 1 week","potential flood risk",0.00377451937645379,-0.0405888908771912,0.0481576187433719
36,"Tokushima","lag 2 weeks","potential flood risk",-0.00935462148428101,-0.0534196434101797,0.0347298280813702
36,"Tokushima","lag 0 week","potential landslide risk",0.00137930455252899,-0.0220793252637463,0.0248434386572516
36,"Tokushima","lag 1 week","potential landslide risk",0.0221032779478936,-0.00117760828163282,0.0453895842378982
36,"Tokushima","lag 2 weeks","potential landslide risk",0.00811330508809771,-0.0150332748192095,0.0312652434425464
36,"Tokushima","lag 0 week","distance to
medical facilities",-0.00251079616937488,-0.0248060307978304,0.0197894104672969
36,"Tokushima","lag 1 week","distance to
medical facilities",0.0280905472430426,0.00595485778158711,0.050231136300205
36,"Tokushima","lag 2 weeks","distance to
medical facilities",0.00503115470480431,-0.0169738464464886,0.0270409988789133
37,"Kagawa","lag 0 week","prefecture income",-0.00615406626079951,-0.0283619498833709,0.016058750661907
37,"Kagawa","lag 1 week","prefecture income",0.0297869195350797,0.00773685631252352,0.0518418444343638
37,"Kagawa","lag 2 weeks","prefecture income",0.00679529026454961,-0.0151252623530329,0.028720648715308
37,"Kagawa","lag 0 week","potential flood risk",-0.00640114208048104,-0.0290047950905148,0.0162076216632112
37,"Kagawa","lag 1 week","potential flood risk",0.0267913202747216,0.00434862788816215,0.0492390491866779
37,"Kagawa","lag 2 weeks","potential flood risk",0.00456096637733161,-0.0177490872571573,0.026875998280329
37,"Kagawa","lag 0 week","potential landslide risk",-0.00590733256161657,-0.0280953513417281,0.0162856106838083
37,"Kagawa","lag 1 week","potential landslide risk",0.0296480868910542,0.00761789443783911,0.0516831322683764
37,"Kagawa","lag 2 weeks","potential landslide risk",0.00630941708377186,-0.0155913477418501,0.0282149790923336
37,"Kagawa","lag 0 week","distance to
medical facilities",-0.008795428871744,-0.0310574518530116,0.0134715516258765
37,"Kagawa","lag 1 week","distance to
medical facilities",0.0309984775951788,0.00889377197339503,0.0531080689625485
37,"Kagawa","lag 2 weeks","distance to
medical facilities",0.00736832137333554,-0.0146059620696026,0.0293474342129674
38,"Ehime","lag 0 week","prefecture income",-0.00953318262881808,-0.0364519788152773,0.0173928624158659
38,"Ehime","lag 1 week","prefecture income",0.0315123671526862,0.00477012560116119,0.0582617598379409
38,"Ehime","lag 2 weeks","prefecture income",0.0142749542375586,-0.0123026377640612,0.0408596107922543
38,"Ehime","lag 0 week","potential flood risk",-0.00495311858068614,-0.0288967173644017,0.0189962148193779
38,"Ehime","lag 1 week","potential flood risk",0.0356837050208059,0.0119077665824197,0.0594652957386588
38,"Ehime","lag 2 weeks","potential flood risk",0.00993682027035092,-0.0136946173787567,0.0335738431327615
38,"Ehime","lag 0 week","potential landslide risk",0.00137930455252899,-0.0220793252637463,0.0248434386572516
38,"Ehime","lag 1 week","potential landslide risk",0.0221032779478936,-0.00117760828163282,0.0453895842378982
38,"Ehime","lag 2 weeks","potential landslide risk",0.00811330508809771,-0.0150332748192095,0.0312652434425464
38,"Ehime","lag 0 week","distance to
medical facilities",-0.00783396249471879,-0.0300545117881468,0.0143915258111971
38,"Ehime","lag 1 week","distance to
medical facilities",0.0305535850715799,0.00849042507828912,0.0526216124818957
38,"Ehime","lag 2 weeks","distance to
medical facilities",0.00701075246998251,-0.0149225236357076,0.0289488399796811
39,"Kochi","lag 0 week","prefecture income",-0.0124985786391751,-0.0480609793102493,0.0230764749564516
39,"Kochi","lag 1 week","prefecture income",0.0330266330476947,-0.00232018417365421,0.068385944533822
39,"Kochi","lag 2 weeks","prefecture income",0.0208395185737231,-0.0142805123369949,0.0559718854117985
39,"Kochi","lag 0 week","potential flood risk",-0.00423586553011113,-0.0313557142904819,0.0228913403991227
39,"Kochi","lag 1 week","potential flood risk",0.0400886369542608,0.0131555006298356,0.0670290262628326
39,"Kochi","lag 2 weeks","potential flood risk",0.012599733425378,-0.0141627981875669,0.0393694283838508
39,"Kochi","lag 0 week","potential landslide risk",0.0378204556297446,-0.0128506117547778,0.0885172018848523
39,"Kochi","lag 1 week","potential landslide risk",-0.0156122315357887,-0.0657550113602245,0.0345557078159864
39,"Kochi","lag 2 weeks","potential landslide risk",0.0171332331924123,-0.0327480258298096,0.0670393817655102
39,"Kochi","lag 0 week","distance to
medical facilities",-0.0305453482393192,-0.0576962913375056,-0.00338702914836064
39,"Kochi","lag 1 week","distance to
medical facilities",0.0410643355844842,0.0140908352756597,0.0680451105654623
39,"Kochi","lag 2 weeks","distance to
medical facilities",0.0154583667959507,-0.0113261958157751,0.0422501043482626
40,"Fukuoka","lag 0 week","prefecture income",-0.00991875918819884,-0.0377940234650653,0.0179642783300737
40,"Fukuoka","lag 1 week","prefecture income",0.0317092562208243,0.00401466771349224,0.0594115143225604
40,"Fukuoka","lag 2 weeks","prefecture income",0.0151284784232431,-0.0123944235085549,0.0426589563953472
40,"Fukuoka","lag 0 week","potential flood risk",-0.00470952378194278,-0.0295817062680781,0.0201688467893479
40,"Fukuoka","lag 1 week","potential flood risk",0.0371796978891004,0.0124806995929205,0.0618847958291813
40,"Fukuoka","lag 2 weeks","potential flood risk",0.0108411979191425,-0.013705578944756,0.035394001051503
40,"Fukuoka","lag 0 week","potential landslide risk",-0.0139603663922294,-0.0376684282566098,0.00975331831214454
40,"Fukuoka","lag 1 week","potential landslide risk",0.0379877483800195,0.0144533281560166,0.0615277064929698
40,"Fukuoka","lag 2 weeks","potential landslide risk",0.00431568398684412,-0.0190784194132765,0.0277152612720322
40,"Fukuoka","lag 0 week","distance to
medical facilities",0.0300483418960162,-0.00183777243198957,0.0619446236537424
40,"Fukuoka","lag 1 week","distance to
medical facilities",0.0130295528167235,-0.0186239634121121,0.0446930903628351
40,"Fukuoka","lag 2 weeks","distance to
medical facilities",-0.00707390625148685,-0.0384881492808242,0.0243502091241909
41,"Saga","lag 0 week","prefecture income",-0.00515152636892946,-0.0275841589008063,0.0172861397814472
41,"Saga","lag 1 week","prefecture income",0.0292750186015267,0.00700144562244542,0.0515535523538446
41,"Saga","lag 2 weeks","prefecture income",0.00457632743011693,-0.0175655706941114,0.0267231290522307
41,"Saga","lag 0 week","potential flood risk",-0.00764615486622544,-0.034862850557571,0.0195779508937344
41,"Saga","lag 1 week","potential flood risk",0.0191461635350887,-0.00787847215647508,0.046178103111405
41,"Saga","lag 2 weeks","potential flood risk",-6.10320933680519e-05,-0.0269165419887862,0.0268016919279468
41,"Saga","lag 0 week","potential landslide risk",-0.00168881789556208,-0.0243131187722234,0.020940602815811
41,"Saga","lag 1 week","potential landslide risk",0.0252799702450401,0.00282112050491445,0.0477438638421868
41,"Saga","lag 2 weeks","potential landslide risk",0.00735376933096443,-0.0149744493743498,0.0296869742764549
41,"Saga","lag 0 week","distance to
medical facilities",-0.0208577560767864,-0.0449887818367301,0.00327909536810278
41,"Saga","lag 1 week","distance to
medical facilities",0.0365805244662676,0.0126134348206408,0.0605533576013118
41,"Saga","lag 2 weeks","distance to
medical facilities",0.0118546961305421,-0.0119589032285705,0.0356739670430484
42,"Nagasaki","lag 0 week","prefecture income",-0.0102973238181425,-0.0391706131270264,0.0185843054259172
42,"Nagasaki","lag 1 week","prefecture income",0.0319025658647387,0.00321432015570888,0.0605990414636493
42,"Nagasaki","lag 2 weeks","prefecture income",0.0159664910738933,-0.0125427746147433,0.044483885564417
42,"Nagasaki","lag 0 week","potential flood risk",-0.00247654380859386,-0.0412269833633738,0.0362889179050363
42,"Nagasaki","lag 1 week","potential flood risk",0.0508940083621567,0.0124012077822755,0.0894016240617468
42,"Nagasaki","lag 2 weeks","potential flood risk",0.0191317074561548,-0.0190990190830909,0.0573770526719253
42,"Nagasaki","lag 0 week","potential landslide risk",0.0278457683241751,-0.0137383228805965,0.0694471542713959
42,"Nagasaki","lag 1 week","potential landslide risk",-0.00529150580297344,-0.0464620265228088,0.0358959729136465
42,"Nagasaki","lag 2 weeks","potential landslide risk",0.0146645404365486,-0.0262855257307404,0.0556313800920361
42,"Nagasaki","lag 0 week","distance to
medical facilities",-0.0105144186267281,-0.0328920995910087,0.0118682715912533
42,"Nagasaki","lag 1 week","distance to
medical facilities",0.0317939091364572,0.00957365231506468,0.0540191028833403
42,"Nagasaki","lag 2 weeks","distance to
medical facilities",0.00800762462755955,-0.0140807336540316,0.0301008625519517
43,"Kumamoto","lag 0 week","prefecture income",-0.0085587188789038,-0.0333761875749072,0.0162649109409774
43,"Kumamoto","lag 1 week","prefecture income",0.0310147765078206,0.00636508213776033,0.0556705465654561
43,"Kumamoto","lag 2 weeks","prefecture income",0.0121178983067516,-0.0123827797587683,0.0366245799479525
43,"Kumamoto","lag 0 week","potential flood risk",-0.00598162341095554,-0.0281743378495514,0.0162160175814163
43,"Kumamoto","lag 1 week","potential flood risk",0.0293675373244096,0.00733272391417739,0.0514072057086423
43,"Kumamoto","lag 2 weeks","potential flood risk",0.00611842702449295,-0.0157869393364152,0.0280285925937873
43,"Kumamoto","lag 0 week","potential landslide risk",-0.00820826555216758,-0.030521950647866,0.0141104000691117
43,"Kumamoto","lag 1 week","potential landslide risk",0.0320307763715499,0.00987553067719471,0.0541909301303267
43,"Kumamoto","lag 2 weeks","potential landslide risk",0.00573977500017975,-0.0162846894589119,0.0277690910196915
43,"Kumamoto","lag 0 week","distance to
medical facilities",-0.0139599732147833,-0.0367263866642653,0.00881162523476142
43,"Kumamoto","lag 1 week","distance to
medical facilities",0.0333883376720578,0.0107804422608604,0.0560013437016282
43,"Kumamoto","lag 2 weeks","distance to
medical facilities",0.00928909375583764,-0.0131820216544343,0.0317652593420981
44,"Oita","lag 0 week","prefecture income",-0.0108651680757021,-0.0413322872066413,0.0196112373469504
44,"Oita","lag 1 week","prefecture income",0.0321925310310389,0.0019175534511362,0.0624766741778915
44,"Oita","lag 2 weeks","prefecture income",0.0172235232154039,-0.0128609234741339,0.0473170218084018
44,"Oita","lag 0 week","potential flood risk",-0.0037080722637306,-0.03388061360865,0.0264735759891721
44,"Oita","lag 1 week","potential flood risk",0.0433301258394136,0.0133628408978348,0.0733063899627684
44,"Oita","lag 2 weeks","potential flood risk",0.0145592808419082,-0.0152129266716816,0.0443403535475451
44,"Oita","lag 0 week","potential landslide risk",0.000228747603170376,-0.0228688252156606,0.0233316566210062
44,"Oita","lag 1 week","potential landslide risk",0.023294525736306,0.000369467265937118,0.0462248397703258
44,"Oita","lag 2 weeks","potential landslide risk",0.00782847850318014,-0.0149639093802056,0.0306260620934751
44,"Oita","lag 0 week","distance to
medical facilities",-0.021176636517739,-0.045388118173717,0.00304070975851722
44,"Oita","lag 1 week","distance to
medical facilities",0.0367281051720347,0.0126809042704012,0.0607810880191684
44,"Oita","lag 2 weeks","distance to
medical facilities",0.011973308290214,-0.0119194329350369,0.0358717588268442
45,"Miyazaki","lag 0 week","prefecture income",-0.0114049676516736,-0.0434808092541705,0.0206811670224738
45,"Miyazaki","lag 1 week","prefecture income",0.0324681777091884,0.000591770545632642,0.0643547458659244
45,"Miyazaki","lag 2 weeks","prefecture income",0.0184184943433419,-0.0132558325443233,0.0501028551909366
45,"Miyazaki","lag 0 week","potential flood risk",-0.00465539152386674,-0.0297564108657666,0.0204519303051542
45,"Miyazaki","lag 1 week","potential flood risk",0.0375121437868664,0.0125856776365563,0.0624448224424645
45,"Miyazaki","lag 2 weeks","potential flood risk",0.0110421718406029,-0.0137301831131253,0.0358206643327197
45,"Miyazaki","lag 0 week","potential landslide risk",-0.00935871219259754,-0.0318309001806294,0.013118527395739
45,"Miyazaki","lag 1 week","potential landslide risk",0.0332221423949397,0.0109099376145227,0.0555393249771052
45,"Miyazaki","lag 2 weeks","potential landslide risk",0.00545495517516592,-0.016725253254013,0.0276400840437674
45,"Miyazaki","lag 0 week","distance to
medical facilities",-0.0280328387597839,-0.0542953260880386,-0.00176345050224569
45,"Miyazaki","lag 1 week","distance to
medical facilities",0.0399013831178463,0.0138122886814473,0.0659972830227229
45,"Miyazaki","lag 2 weeks","distance to
medical facilities",0.0145236967264761,-0.0113867065262729,0.0404408142337331
46,"Kagoshima","lag 0 week","prefecture income",-0.0135641368142037,-0.0527514998675982,0.0256385908384837
46,"Kagoshima","lag 1 week","prefecture income",0.0335707720173994,-0.00538385494519567,0.072540574426605
46,"Kagoshima","lag 2 weeks","prefecture income",0.023198521627843,-0.0155040258161376,0.0619160502662863
46,"Kagoshima","lag 0 week","potential flood risk",-0.00335620853849639,-0.0358083508694595,0.0291064689803555
46,"Kagoshima","lag 1 week","potential flood risk",0.0454911767794997,0.0132581971279411,0.0777345447035449
46,"Kagoshima","lag 2 weeks","potential flood risk",0.0158656671158663,-0.0161542263251491,0.0478958149491726
46,"Kagoshima","lag 0 week","potential landslide risk",0.0144198751892421,-0.0162625660402815,0.0451117320719785
46,"Kagoshima","lag 1 week","potential landslide risk",0.00860346118072286,-0.0218041295905858,0.0390203001842782
46,"Kagoshima","lag 2 weeks","potential landslide risk",0.0113413964114351,-0.0188972479736815,0.0415891862809437
46,"Kagoshima","lag 0 week","distance to
medical facilities",-0.0450298533153592,-0.0783506348437712,-0.0116979603362433
46,"Kagoshima","lag 1 week","distance to
medical facilities",0.0477695383462651,0.0146545623707972,0.080895478731291
46,"Kagoshima","lag 2 weeks","distance to
medical facilities",0.0208473265210785,-0.012010516270089,0.0537159669874443
47,"Okinawa","lag 0 week","prefecture income",-0.0142791760647798,-0.055995723307245,0.0274547836310424
47,"Okinawa","lag 1 week","prefecture income",0.0339359195645095,-0.0075357698748002,0.0754248093102206
47,"Okinawa","lag 2 weeks","prefecture income",0.0247815680300079,-0.0164205929159333,0.0660007079446467
47,"Okinawa","lag 0 week","potential flood risk",-0.00224647637185882,-0.0427490702910038,0.0382725291642405
47,"Okinawa","lag 1 week","potential flood risk",0.0523071047555446,0.0120728411620696,0.0925575543545554
47,"Okinawa","lag 2 weeks","potential flood risk",0.0199859202165698,-0.0199727798103955,0.0599605904102907
47,"Okinawa","lag 0 week","potential landslide risk",-0.0189452527966205,-0.0449388621282076,0.00705511624996547
47,"Okinawa","lag 1 week","potential landslide risk",0.0431507443997559,0.0173564210190547,0.0689517200970435
47,"Okinawa","lag 2 weeks","potential landslide risk",0.00308148817889098,-0.0225578799880388,0.02872743160105
47,"Okinawa","lag 0 week","distance to
medical facilities",-0.00836324120618848,-0.0306045500783281,0.0138830159385428
47,"Okinawa","lag 1 week","distance to
medical facilities",0.0307984936851247,0.00871452271171691,0.0528873412513065
47,"Okinawa","lag 2 weeks","distance to
medical facilities",0.00720759039574137,-0.0147462260780107,0.0291662272809079
