"region_id","prefecture_en","typhoon_no","typhoon_name","year","ty_label","prob_exc_pos","median","lower","upper"
1,"Hokkaido","2018239N11161","JEBI",2018,"2018-JEBI",0.66625,0.883200715936439,-2.8836752861239,5.13244646501435
2,"Aomori","2016244N21123","NAMTHEUN",2016,"2016-NAMTHEUN",0.9775,1.48066406751468,0.0527168908419503,2.91579777674483
2,"Aomori","2018239N11161","JEBI",2018,"2018-JEBI",0.9775,1.04604748566754,0.0373377853680453,2.05475463627411
3,"Iwate","2010218N20127","DIANMU",2010,"2010-DIANMU",0.9925,1.27020959913206,0.261575328463208,2.29528158435213
3,"Iwate","2012263N15141","JELAWAT",2012,"2012-JELAWAT",0.9925,1.4198878559598,0.291939303248581,2.56981054630017
3,"Iwate","2013255N20148","MAN-YI",2013,"2013-MAN-YI",0.9925,0.912982539762467,0.188274710281735,1.64745022561552
3,"Iwate","2014275N06166","VONGFONG",2014,"2014-VONGFONG",0.9925,1.24286597530788,0.255821043153378,2.24695997543766
3,"Iwate","2016230N15138","MINDULLE",2016,"2016-MINDULLE",0.9925,1.01322882542989,0.2087934939212,1.8296952858723
3,"Iwate","2016244N21123","NAMTHEUN",2016,"2016-NAMTHEUN",1,2.33763463398592,0.788312432613575,3.9572379276642
3,"Iwate","2018263N12146","TRAMI",2018,"2018-TRAMI",0.9925,0.927589271018491,0.191151467666221,1.67499841415692
3,"Iwate","2019278N16165","HAGIBIS",2019,"2019-HAGIBIS",0.9925,1.04260103991814,0.214551211714438,1.88533639982105
4,"Miyagi","2010218N20127","DIANMU",2010,"2010-DIANMU",0.965,0.990744619529394,-0.0848009550381715,2.12670103423819
4,"Miyagi","2011253N20145","ROKE",2011,"2011-ROKE",0.965,0.826683374476723,-0.070800990519631,1.77341587965551
4,"Miyagi","2012263N15141","JELAWAT",2012,"2012-JELAWAT",0.965,1.76008172422642,-0.14988771443129,3.79831546014384
4,"Miyagi","2013255N20148","MAN-YI",2013,"2013-MAN-YI",0.965,1.08527304445317,-0.0927708393116081,2.33279827889533
4,"Miyagi","2014275N06166","VONGFONG",2014,"2014-VONGFONG",0.965,0.86623099107112,-0.0741688110513788,1.85875816981791
4,"Miyagi","2016230N15138","MINDULLE",2016,"2016-MINDULLE",0.9625,1.72338286074992,-0.329194011271081,3.81118060325998
4,"Miyagi","2016244N21123","NAMTHEUN",2016,"2016-NAMTHEUN",0.98625,2.01895249231389,0.270032952800473,3.7631736309387
4,"Miyagi","2018263N12146","TRAMI",2018,"2018-TRAMI",0.965,1.109357872852,-0.0947721815904408,2.38608426881086
4,"Miyagi","2019278N16165","HAGIBIS",2019,"2019-HAGIBIS",0.965,1.07087616540775,-0.0914469183978113,2.30431288307222
5,"Akita","2010218N20127","DIANMU",2010,"2010-DIANMU",0.98875,0.712714763860998,0.119350469303733,1.32231687843039
5,"Akita","2016244N21123","NAMTHEUN",2016,"2016-NAMTHEUN",0.98875,0.605900448296225,0.1014842467503,1.12390703733988
5,"Akita","2018239N11161","JEBI",2018,"2018-JEBI",0.98875,0.716577525005341,0.11980927020783,1.33161114502861
5,"Akita","2019278N16165","HAGIBIS",2019,"2019-HAGIBIS",0.98875,0.48995282182398,0.0820849789294167,0.908592619254132
6,"Yamagata","2010218N20127","DIANMU",2010,"2010-DIANMU",0.995,0.692023555592993,0.128417106839284,1.2947668837933
6,"Yamagata","2012263N15141","JELAWAT",2012,"2012-JELAWAT",0.995,0.838691609460739,0.155417950991718,1.57149425925246
6,"Yamagata","2013255N20148","MAN-YI",2013,"2013-MAN-YI",0.995,0.528978022269868,0.0982446939681035,0.98881875077806
6,"Yamagata","2014275N06166","VONGFONG",2014,"2014-VONGFONG",0.995,0.507671189416396,0.0943246150387015,0.948593943630091
6,"Yamagata","2018239N11161","JEBI",2018,"2018-JEBI",0.995,0.50083971518729,0.0930024748783685,0.936392830797213
6,"Yamagata","2018263N12146","TRAMI",2018,"2018-TRAMI",0.995,0.490081941067825,0.0910315997912349,0.915994070630668
6,"Yamagata","2019278N16165","HAGIBIS",2019,"2019-HAGIBIS",0.995,0.585489568696559,0.108568241726194,1.09629519704474
7,"Fukushima","2011253N20145","ROKE",2011,"2011-ROKE",0.9975,2.38525031551965,0.76534933705523,4.04273024758966
7,"Fukushima","2012162N06150","GUCHOL",2012,"2012-GUCHOL",0.9975,2.07495897147469,0.666562179485175,3.51269347003846
7,"Fukushima","2012263N15141","JELAWAT",2012,"2012-JELAWAT",0.9975,3.45430080569759,1.10435401222432,5.87618632482596
7,"Fukushima","2013255N20148","MAN-YI",2013,"2013-MAN-YI",0.9975,2.67899115194005,0.858070962758368,4.54876792448256
7,"Fukushima","2014275N06166","VONGFONG",2014,"2014-VONGFONG",0.9975,2.03391602216534,0.653449484615788,3.44282928631638
7,"Fukushima","2016230N15138","MINDULLE",2016,"2016-MINDULLE",1,3.80363861641532,1.31827352553816,6.41664275564853
7,"Fukushima","2017288N09138","LAN",2017,"2017-LAN",0.9975,1.99603218874266,0.641033802511649,3.38000306989283
7,"Fukushima","2018222N16147","LEEPI",2018,"2018-LEEPI",0.9975,1.28189456487834,0.412647891346186,2.16560663044973
7,"Fukushima","2018263N12146","TRAMI",2018,"2018-TRAMI",0.9975,2.5694366890889,0.822791580877913,4.36376660173637
7,"Fukushima","2019278N16165","HAGIBIS",2019,"2019-HAGIBIS",0.9975,2.38385509212495,0.763158431393849,4.04969015996788
8,"Ibaraki","2011253N20145","ROKE",2011,"2011-ROKE",0.9975,6.10418954132542,1.30793728227899,10.8119224070892
8,"Ibaraki","2012162N06150","GUCHOL",2012,"2012-GUCHOL",0.9975,4.36201657343172,0.939475685781249,7.68817414349909
8,"Ibaraki","2012263N15141","JELAWAT",2012,"2012-JELAWAT",0.9975,3.8656795221162,0.834545601232586,6.79804479328393
8,"Ibaraki","2013255N20148","MAN-YI",2013,"2013-MAN-YI",0.9975,4.31787881320788,0.929687705186508,7.61257981363762
8,"Ibaraki","2013282N14149","WIPHA",2013,"2013-WIPHA",0.9975,3.11934402181097,0.674430407054785,5.4777615269919
8,"Ibaraki","2014275N06166","VONGFONG",2014,"2014-VONGFONG",0.99125,10.1949086067455,2.08409022341759,17.7692129076289
8,"Ibaraki","2016230N15138","MINDULLE",2016,"2016-MINDULLE",0.99375,6.6464836732211,1.50230524073136,11.3534258244312
8,"Ibaraki","2017288N09138","LAN",2017,"2017-LAN",0.9975,5.30973979940226,1.13862915131006,9.39751940034303
8,"Ibaraki","2018222N16147","LEEPI",2018,"2018-LEEPI",0.9975,2.20026928301758,0.47662319331685,3.85683313158028
8,"Ibaraki","2018263N12146","TRAMI",2018,"2018-TRAMI",0.9975,3.19250917129181,0.689474614597252,5.61223924853976
8,"Ibaraki","2019242N14180","FAXAI",2019,"2019-FAXAI",0.9975,3.00455913332189,0.64867241124818,5.2834726292096
8,"Ibaraki","2019278N16165","HAGIBIS",2019,"2019-HAGIBIS",0.9975,4.51968896743526,0.969878351815174,7.99396149045907
9,"Tochigi","2011253N20145","ROKE",2011,"2011-ROKE",0.99875,2.7752344015223,0.776338625065451,4.72117609801993
9,"Tochigi","2012162N06150","GUCHOL",2012,"2012-GUCHOL",0.99875,3.03044049977474,0.846826643222191,5.1605933327403
9,"Tochigi","2012263N15141","JELAWAT",2012,"2012-JELAWAT",0.99875,3.22320206615018,0.90062084298211,5.48926594445208
9,"Tochigi","2013255N20148","MAN-YI",2013,"2013-MAN-YI",0.99875,2.91370528186161,0.814177841720922,4.9619680424068
9,"Tochigi","2013282N14149","WIPHA",2013,"2013-WIPHA",0.99875,1.47410287557426,0.414735474069324,2.49399849626834
9,"Tochigi","2014275N06166","VONGFONG",2014,"2014-VONGFONG",0.9925,4.54901456524986,1.0680552222797,7.79951521769077
9,"Tochigi","2016230N15138","MINDULLE",2016,"2016-MINDULLE",0.99875,1.66248886114187,0.46702895850848,2.81679751414307
9,"Tochigi","2017288N09138","LAN",2017,"2017-LAN",0.99875,2.69473623703004,0.753534018455234,4.58590187427763
9,"Tochigi","2018263N12146","TRAMI",2018,"2018-TRAMI",0.99875,2.92757795815815,0.817500274901586,4.9888315432146
9,"Tochigi","2019278N16165","HAGIBIS",2019,"2019-HAGIBIS",0.99875,2.25579243791961,0.631207123466254,3.83648560174274
10,"Gunma","2011253N20145","ROKE",2011,"2011-ROKE",0.99625,1.72031229951769,0.328449651168364,3.13679790736667
10,"Gunma","2012162N06150","GUCHOL",2012,"2012-GUCHOL",0.99625,1.73674642163678,0.331546921581173,3.16715161797951
10,"Gunma","2012263N15141","JELAWAT",2012,"2012-JELAWAT",0.99625,2.18158526083344,0.415765498451816,3.98511790568459
10,"Gunma","2013255N20148","MAN-YI",2013,"2013-MAN-YI",0.99625,1.75810521654012,0.335460610393519,3.20767498014801
10,"Gunma","2014275N06166","VONGFONG",2014,"2014-VONGFONG",0.98625,2.98807584376799,0.407133892535552,5.58047965817934
10,"Gunma","2016230N15138","MINDULLE",2016,"2016-MINDULLE",0.99625,0.892657255992226,0.171103378638686,1.62123176653448
10,"Gunma","2017252N14147","TALIM",2017,"2017-TALIM",0.99625,0.953122503074379,0.182565046473485,1.73226713351607
10,"Gunma","2017288N09138","LAN",2017,"2017-LAN",0.99625,1.81477251031161,0.346018303610745,3.31351787719297
10,"Gunma","2018263N12146","TRAMI",2018,"2018-TRAMI",0.99625,1.95331332428911,0.372095631067772,3.56973308186888
10,"Gunma","2019278N16165","HAGIBIS",2019,"2019-HAGIBIS",0.99625,1.26980510085554,0.242648870543875,2.31331504133792
11,"Saitama","2011253N20145","ROKE",2011,"2011-ROKE",0.44875,-0.761396094779883,-11.9226981173126,11.7063127367061
11,"Saitama","2012162N06150","GUCHOL",2012,"2012-GUCHOL",0.44875,-0.609957026382929,-9.59402540797895,9.33286210967313
11,"Saitama","2012263N15141","JELAWAT",2012,"2012-JELAWAT",0.44875,-0.62254179693619,-9.79879185521466,9.51826850193536
11,"Saitama","2013255N20148","MAN-YI",2013,"2013-MAN-YI",0.44875,-0.620797829661072,-9.75513380464907,9.50862163326955
11,"Saitama","2013282N14149","WIPHA",2013,"2013-WIPHA",0.44875,-0.36044118537167,-5.71180629808286,5.4709927230689
11,"Saitama","2014275N06166","VONGFONG",2014,"2014-VONGFONG",0.34,-3.71643832986545,-22.5788756269466,17.1642342372186
11,"Saitama","2016230N15138","MINDULLE",2016,"2016-MINDULLE",0.44875,-0.385046314741032,-6.09392621755432,5.8524875747599
11,"Saitama","2017288N09138","LAN",2017,"2017-LAN",0.44875,-0.753594987607215,-11.7897103616636,11.5978953537264
11,"Saitama","2018263N12146","TRAMI",2018,"2018-TRAMI",0.44875,-0.486543610847932,-7.67401170677785,7.42241017738394
11,"Saitama","2019242N14180","FAXAI",2019,"2019-FAXAI",0.44875,-0.321871267213822,-5.10037003076621,4.88579185300257
11,"Saitama","2019278N16165","HAGIBIS",2019,"2019-HAGIBIS",0.44875,-0.533396785635603,-8.38648000304986,8.1649199437352
12,"Chiba","2011253N20145","ROKE",2011,"2011-ROKE",0.98375,9.98569505318031,0.487877482355586,19.2139574583855
12,"Chiba","2012162N06150","GUCHOL",2012,"2012-GUCHOL",0.98375,5.85625067562158,0.288456739447075,11.182202367799
12,"Chiba","2012263N15141","JELAWAT",2012,"2012-JELAWAT",0.98375,5.97328905577028,0.294349136384978,11.4010287471608
12,"Chiba","2013255N20148","MAN-YI",2013,"2013-MAN-YI",0.98375,6.4644620205965,0.317855475302996,12.3640162489728
12,"Chiba","2013282N14149","WIPHA",2013,"2013-WIPHA",0.98375,5.91672272547994,0.291359767304294,11.3004307635125
12,"Chiba","2014275N06166","VONGFONG",2014,"2014-VONGFONG",0.90625,11.8322449886119,-5.4364939060653,29.0270324290399
12,"Chiba","2016230N15138","MINDULLE",2016,"2016-MINDULLE",0.9275,7.91509472444341,-2.20335694157007,18.0196337575531
12,"Chiba","2017288N09138","LAN",2017,"2017-LAN",0.98375,11.1746041639872,0.543805828404425,21.5824700537001
12,"Chiba","2018222N16147","LEEPI",2018,"2018-LEEPI",0.98375,3.60446361917306,0.178132234387601,6.86109010811181
12,"Chiba","2018263N12146","TRAMI",2018,"2018-TRAMI",0.98375,4.67148533902939,0.230503475335487,8.90525008666652
12,"Chiba","2019242N14180","FAXAI",2019,"2019-FAXAI",0.98375,6.50417440516851,0.319152223033477,12.4640831143468
12,"Chiba","2019278N16165","HAGIBIS",2019,"2019-HAGIBIS",0.98375,9.07344929626053,0.44263821822054,17.4836470940999
13,"Tokyo","2011253N20145","ROKE",2011,"2011-ROKE",0.79,10.2629209698682,-13.2089389796256,37.5437298971374
13,"Tokyo","2012162N06150","GUCHOL",2012,"2012-GUCHOL",0.79,6.67029461456681,-8.66730639304183,24.1433501243189
13,"Tokyo","2012263N15141","JELAWAT",2012,"2012-JELAWAT",0.79,6.75031309514702,-8.77860883617693,24.4103456712528
13,"Tokyo","2013255N20148","MAN-YI",2013,"2013-MAN-YI",0.79,7.28703236089149,-9.45022845049496,26.4328985608712
13,"Tokyo","2013282N14149","WIPHA",2013,"2013-WIPHA",0.79,4.84593172715648,-6.32770996487834,17.4449161918412
13,"Tokyo","2014275N06166","VONGFONG",2014,"2014-VONGFONG",0.48625,-0.821310874276605,-40.0236171686484,45.7485618210918
13,"Tokyo","2016230N15138","MINDULLE",2016,"2016-MINDULLE",0.79,5.21045561003501,-6.79573798870125,18.7814876978412
13,"Tokyo","2017288N09138","LAN",2017,"2017-LAN",0.79,10.4061366313693,-13.3807739503425,38.1073699192833
13,"Tokyo","2018263N12146","TRAMI",2018,"2018-TRAMI",0.79,5.56899463591526,-7.25644158540587,20.0950786616713
13,"Tokyo","2019242N14180","FAXAI",2019,"2019-FAXAI",0.79,5.32060180390411,-6.93190157286028,19.2014895072131
13,"Tokyo","2019278N16165","HAGIBIS",2019,"2019-HAGIBIS",0.79,7.62890061810404,-9.86639442070622,27.7578562060334
14,"Kanagawa","2011253N20145","ROKE",2011,"2011-ROKE",0.89875,9.3684216000126,-5.43291469635898,25.8002688782099
14,"Kanagawa","2012162N06150","GUCHOL",2012,"2012-GUCHOL",0.89875,5.43963893056846,-3.1866750078207,14.8190658608549
14,"Kanagawa","2012263N15141","JELAWAT",2012,"2012-JELAWAT",0.89875,5.84249583380102,-3.4219560743636,15.9201403160074
14,"Kanagawa","2013255N20148","MAN-YI",2013,"2013-MAN-YI",0.89875,6.05589547339596,-3.53982901562413,16.5370155271952
14,"Kanagawa","2013282N14149","WIPHA",2013,"2013-WIPHA",0.89875,4.39111841544579,-2.57930948105844,11.9286145891981
14,"Kanagawa","2014275N06166","VONGFONG",2014,"2014-VONGFONG",0.64125,3.99663612455993,-19.6991312605367,31.6744162218661
14,"Kanagawa","2016230N15138","MINDULLE",2016,"2016-MINDULLE",0.89875,4.16854981038779,-2.44825576886296,11.3255677442661
14,"Kanagawa","2017252N14147","TALIM",2017,"2017-TALIM",0.89875,2.80928649730981,-1.65559014921791,7.60488745847015
14,"Kanagawa","2017288N09138","LAN",2017,"2017-LAN",0.89875,9.34455347435431,-5.41257451930604,25.7677094641333
14,"Kanagawa","2018263N12146","TRAMI",2018,"2018-TRAMI",0.89875,4.62309728702661,-2.71217774936074,12.5755225583473
14,"Kanagawa","2019242N14180","FAXAI",2019,"2019-FAXAI",0.89875,4.69100305517634,-2.74817573747709,12.7792291225545
14,"Kanagawa","2019278N16165","HAGIBIS",2019,"2019-HAGIBIS",0.89875,6.86624961993007,-3.99635771935401,18.8358720409539
15,"Niigata","2012263N15141","JELAWAT",2012,"2012-JELAWAT",0.62625,0.143565113661609,-0.704115154049318,1.087192773201
15,"Niigata","2017200N26162","NORU",2017,"2017-NORU",0.62625,0.129215909288533,-0.633496767885198,0.978943376072195
15,"Niigata","2018239N11161","JEBI",2018,"2018-JEBI",0.62625,0.175066004290322,-0.856675416864685,1.32905852447382
15,"Niigata","2019278N16165","HAGIBIS",2019,"2019-HAGIBIS",0.62625,0.129570819825311,-0.634943101884893,0.982134352592803
16,"Toyama","2011253N20145","ROKE",2011,"2011-ROKE",0.39875,-0.0967418214133104,-0.747576949169775,0.5999820753968
16,"Toyama","2013255N20148","MAN-YI",2013,"2013-MAN-YI",0.39875,-0.0989308184521356,-0.763999950129684,0.61397648221135
16,"Toyama","2014209N12152","HALONG",2014,"2014-HALONG",0.39875,-0.0891388173566838,-0.688935538724666,0.552734749738051
16,"Toyama","2014275N06166","VONGFONG",2014,"2014-VONGFONG",0.39875,-0.124115281428541,-0.956590958469246,0.771892379882048
16,"Toyama","2015249N18142","ETAU",2015,"2015-ETAU",0.39875,-0.0991074226135069,-0.764992844716833,0.615388148452481
16,"Toyama","2017200N26162","NORU",2017,"2017-NORU",0.39875,-0.099558255874026,-0.76810304160962,0.618502514166977
16,"Toyama","2017252N14147","TALIM",2017,"2017-TALIM",0.39875,-0.136490063233921,-1.04869588069129,0.85166171631456
16,"Toyama","2017288N09138","LAN",2017,"2017-LAN",0.39875,-0.092237997698664,-0.712592100518176,0.572203841912403
16,"Toyama","2018239N11161","JEBI",2018,"2018-JEBI",0.39875,-0.183451635266856,-1.40295352716613,1.15038531594689
16,"Toyama","2018263N12146","TRAMI",2018,"2018-TRAMI",0.39875,-0.0824855577923316,-0.637745019533137,0.511282983864924
17,"Ishikawa","2011253N20145","ROKE",2011,"2011-ROKE",0.99,0.434103563119685,0.0854505412893166,0.828856766960179
17,"Ishikawa","2013255N20148","MAN-YI",2013,"2013-MAN-YI",0.99,0.425481212733526,0.0837465378118498,0.812467300766603
17,"Ishikawa","2014209N12152","HALONG",2014,"2014-HALONG",0.99,0.568405873662055,0.111700796035724,1.08732484840882
17,"Ishikawa","2014275N06166","VONGFONG",2014,"2014-VONGFONG",0.99,0.505610669187945,0.0994494786287506,0.966227770751093
17,"Ishikawa","2015249N18142","ETAU",2015,"2015-ETAU",0.99,0.465850721797608,0.0916321170645405,0.890212219432304
17,"Ishikawa","2017252N14147","TALIM",2017,"2017-TALIM",0.99,0.49193300302391,0.0967015684950908,0.940720258461442
17,"Ishikawa","2017288N09138","LAN",2017,"2017-LAN",0.99,0.408403056260763,0.0803916957559153,0.779783945571579
17,"Ishikawa","2018239N11161","JEBI",2018,"2018-JEBI",0.99,1.02048048136725,0.199443689624692,1.96423437079235
18,"Fukui","2011253N20145","ROKE",2011,"2011-ROKE",0.27,-0.11678082090412,-0.551816302454512,0.301468125701141
18,"Fukui","2013255N20148","MAN-YI",2013,"2013-MAN-YI",0.27,-0.10719567968003,-0.506708355628075,0.27662870928262
18,"Fukui","2014209N12152","HALONG",2014,"2014-HALONG",0.27,-0.139527190840818,-0.657744511706836,0.360996588189619
18,"Fukui","2014275N06166","VONGFONG",2014,"2014-VONGFONG",0.27,-0.123562080396448,-0.583572098063642,0.319123054580126
18,"Fukui","2017252N14147","TALIM",2017,"2017-TALIM",0.27,-0.150088739860273,-0.70612416997806,0.389059930760684
18,"Fukui","2017288N09138","LAN",2017,"2017-LAN",0.27,-0.108122554091247,-0.511030413510169,0.279051320183241
18,"Fukui","2018239N11161","JEBI",2018,"2018-JEBI",0.465,-0.0510745531106416,-1.32434654582889,1.24670658601163
18,"Fukui","2018263N12146","TRAMI",2018,"2018-TRAMI",0.27,-0.118346113087762,-0.558715954385613,0.305767062353375
18,"Fukui","2019216N16147","KROSA",2019,"2019-KROSA",0.27,-0.0826000890700644,-0.390798651479914,0.21297490087973
19,"Yamanashi","2011253N20145","ROKE",2011,"2011-ROKE",0.86875,0.384097077350146,-0.265553276778706,1.14993023388839
19,"Yamanashi","2012162N06150","GUCHOL",2012,"2012-GUCHOL",0.86875,0.352052610810794,-0.243614176354048,1.05291234684898
19,"Yamanashi","2012263N15141","JELAWAT",2012,"2012-JELAWAT",0.86875,0.384077654130994,-0.265694288078795,1.14909666854694
19,"Yamanashi","2013255N20148","MAN-YI",2013,"2013-MAN-YI",0.86875,0.34889302838285,-0.241345055112709,1.04387767636863
19,"Yamanashi","2014275N06166","VONGFONG",2014,"2014-VONGFONG",0.97875,1.33954700836716,0.0377380842111668,2.90158656853102
19,"Yamanashi","2017252N14147","TALIM",2017,"2017-TALIM",0.86875,0.194489330532608,-0.135054368096913,0.579325111167789
19,"Yamanashi","2017288N09138","LAN",2017,"2017-LAN",0.86875,0.381121850350478,-0.263313265560365,1.14194347628248
19,"Yamanashi","2018263N12146","TRAMI",2018,"2018-TRAMI",0.86875,0.317417028640147,-0.219642735198771,0.949346105861928
19,"Yamanashi","2019278N16165","HAGIBIS",2019,"2019-HAGIBIS",0.86875,0.219539451896249,-0.152270389375952,0.654831159719186
20,"Nagano","2011253N20145","ROKE",2011,"2011-ROKE",0.87125,0.928379726087684,-0.644685278337605,2.78782421937179
20,"Nagano","2012162N06150","GUCHOL",2012,"2012-GUCHOL",0.87125,0.717005496944132,-0.49925109312428,2.14634318349795
20,"Nagano","2012263N15141","JELAWAT",2012,"2012-JELAWAT",0.87125,0.830155641930581,-0.577545626334501,2.4875113518057
20,"Nagano","2013255N20148","MAN-YI",2013,"2013-MAN-YI",0.87125,0.969607418947867,-0.672607766868501,2.91518281779391
20,"Nagano","2014275N06166","VONGFONG",2014,"2014-VONGFONG",0.94875,2.89351455371688,-0.538095822672867,6.83004716911886
20,"Nagano","2015249N18142","ETAU",2015,"2015-ETAU",0.87125,0.530584693500661,-0.37008357457498,1.58512670413856
20,"Nagano","2017200N26162","NORU",2017,"2017-NORU",0.87125,0.566783698552474,-0.394955313464646,1.69514472064699
20,"Nagano","2017252N14147","TALIM",2017,"2017-TALIM",0.87125,0.873417847974725,-0.60583369348471,2.62622626411688
20,"Nagano","2017288N09138","LAN",2017,"2017-LAN",0.87125,0.932947830948756,-0.647195276206229,2.80487323121901
20,"Nagano","2018239N11161","JEBI",2018,"2018-JEBI",0.87125,0.68560273728324,-0.477022764114955,2.0541489505546
20,"Nagano","2018263N12146","TRAMI",2018,"2018-TRAMI",0.87125,0.856582223369635,-0.594714498847968,2.57279274846488
20,"Nagano","2019278N16165","HAGIBIS",2019,"2019-HAGIBIS",0.87125,0.529869209241092,-0.369279156790099,1.58450566991244
21,"Gifu","2011253N20145","ROKE",2011,"2011-ROKE",0.605,0.17903431543661,-1.15125588106446,1.62158140381833
21,"Gifu","2012162N06150","GUCHOL",2012,"2012-GUCHOL",0.605,0.134527301735403,-0.867245676594421,1.21518299098046
21,"Gifu","2012263N15141","JELAWAT",2012,"2012-JELAWAT",0.605,0.132898759851955,-0.857168436965277,1.19984254130027
21,"Gifu","2013255N20148","MAN-YI",2013,"2013-MAN-YI",0.605,0.161696153142252,-1.04035626178777,1.46365345041467
21,"Gifu","2014275N06166","VONGFONG",2014,"2014-VONGFONG",0.76,1.08077567003365,-1.72262232471134,4.12161062432527
21,"Gifu","2015249N18142","ETAU",2015,"2015-ETAU",0.605,0.127516906889582,-0.821799216802492,1.15223704460149
21,"Gifu","2016256N12146","MALAKAS",2016,"2016-MALAKAS",0.605,0.112093832712237,-0.722958960614371,1.01204368281894
21,"Gifu","2017200N26162","NORU",2017,"2017-NORU",0.605,0.119634495980883,-0.771318185029621,1.08053582796704
21,"Gifu","2017252N14147","TALIM",2017,"2017-TALIM",0.605,0.221422859660112,-1.41761124523578,2.01493421283499
21,"Gifu","2017288N09138","LAN",2017,"2017-LAN",0.605,0.158965410045049,-1.02276107362942,1.43897350592394
21,"Gifu","2018204N15137","JONGDARI",2018,"2018-JONGDARI",0.605,0.112707438890233,-0.727142549358809,1.01724603002046
21,"Gifu","2018239N11161","JEBI",2018,"2018-JEBI",0.605,0.166975595384805,-1.07313949587531,1.51322693284471
21,"Gifu","2018263N12146","TRAMI",2018,"2018-TRAMI",0.605,0.173110975478806,-1.11245888934108,1.56899853271529
22,"Shizuoka","2011253N20145","ROKE",2011,"2011-ROKE",0.9025,2.37505496107558,-1.13689886573441,6.20676388445695
22,"Shizuoka","2012162N06150","GUCHOL",2012,"2012-GUCHOL",0.9025,1.9632727762973,-0.94197631863947,5.11788328700898
22,"Shizuoka","2012263N15141","JELAWAT",2012,"2012-JELAWAT",0.9025,2.07558551437467,-0.995860109756511,5.41068326715787
22,"Shizuoka","2013255N20148","MAN-YI",2013,"2013-MAN-YI",0.9025,2.0796583947568,-0.996641943640458,5.42812069227234
22,"Shizuoka","2013282N14149","WIPHA",2013,"2013-WIPHA",0.9025,0.885192382192777,-0.427321131147815,2.29251668247804
22,"Shizuoka","2014275N06166","VONGFONG",2014,"2014-VONGFONG",0.8825,3.97849762554892,-2.58571662035347,11.4046707726377
22,"Shizuoka","2015249N18142","ETAU",2015,"2015-ETAU",0.9025,0.825404905430609,-0.398429869953421,2.13784295155766
22,"Shizuoka","2016256N12146","MALAKAS",2016,"2016-MALAKAS",0.9025,0.854792992020599,-0.41249315701349,2.21466024535001
22,"Shizuoka","2017252N14147","TALIM",2017,"2017-TALIM",0.9025,1.10230254430081,-0.530949637386774,2.8615601526841
22,"Shizuoka","2017288N09138","LAN",2017,"2017-LAN",0.9025,2.20593173119864,-1.05597019848612,5.76462944268304
22,"Shizuoka","2018204N15137","JONGDARI",2018,"2018-JONGDARI",0.9025,1.05044052233836,-0.506326385093068,2.72487601832712
22,"Shizuoka","2018263N12146","TRAMI",2018,"2018-TRAMI",0.9025,1.58360544895708,-0.760794854801681,4.1224652342123
22,"Shizuoka","2019278N16165","HAGIBIS",2019,"2019-HAGIBIS",0.9025,1.29679710155068,-0.623606113841204,3.37237601366697
23,"Aichi","2011253N20145","ROKE",2011,"2011-ROKE",0.74,3.11447179716639,-5.11330841887473,12.1628931662372
23,"Aichi","2012162N06150","GUCHOL",2012,"2012-GUCHOL",0.74,2.58350126904799,-4.25390028793261,10.0579385714922
23,"Aichi","2012263N15141","JELAWAT",2012,"2012-JELAWAT",0.74,2.56750238113845,-4.23143215285132,9.98585025873844
23,"Aichi","2013255N20148","MAN-YI",2013,"2013-MAN-YI",0.74,2.72207777075809,-4.47655907853512,10.6114320011403
23,"Aichi","2014275N06166","VONGFONG",2014,"2014-VONGFONG",0.53875,0.865961125850404,-16.0423393838962,19.1829929084909
23,"Aichi","2015249N18142","ETAU",2015,"2015-ETAU",0.74,1.9896097469499,-3.28437257267283,7.72475255851874
23,"Aichi","2016256N12146","MALAKAS",2016,"2016-MALAKAS",0.74,2.32845294845552,-3.83509364451874,9.06209582861571
23,"Aichi","2017200N26162","NORU",2017,"2017-NORU",0.74,1.68763750936733,-2.79169765990747,6.53776174767539
23,"Aichi","2017252N14147","TALIM",2017,"2017-TALIM",0.74,3.17100166599676,-5.19307786987385,12.4170682357848
23,"Aichi","2017288N09138","LAN",2017,"2017-LAN",0.74,2.82350228970934,-4.63949921091007,11.0166251873589
23,"Aichi","2018204N15137","JONGDARI",2018,"2018-JONGDARI",0.74,2.46150890207016,-4.05541569433002,9.57697248583416
23,"Aichi","2018239N11161","JEBI",2018,"2018-JEBI",0.74,2.11316236859849,-3.48630976360755,8.20953292371411
23,"Aichi","2018263N12146","TRAMI",2018,"2018-TRAMI",0.74,3.31073272314963,-5.42369974402073,12.9596365269763
23,"Aichi","2019205N23137","NARI",2019,"2019-NARI",0.74,1.57456101064757,-2.60690126687895,6.09408008191218
24,"Mie","2011253N20145","ROKE",2011,"2011-ROKE",0.98125,1.25549684090911,0.0483480444776763,2.50186569025891
24,"Mie","2012162N06150","GUCHOL",2012,"2012-GUCHOL",0.98125,1.20832764075277,0.0465434948007387,2.40724330915655
24,"Mie","2012263N15141","JELAWAT",2012,"2012-JELAWAT",0.98125,1.16496688292759,0.0449116367165106,2.31884094404142
24,"Mie","2013255N20148","MAN-YI",2013,"2013-MAN-YI",0.98125,1.13078194284147,0.043569452428741,2.25207459723938
24,"Mie","2014275N06166","VONGFONG",2014,"2014-VONGFONG",0.985,2.66593600296981,0.374642519706352,5.31816892222817
24,"Mie","2016256N12146","MALAKAS",2016,"2016-MALAKAS",0.98125,0.999994732870178,0.0385461229430925,1.99075834860134
24,"Mie","2017200N26162","NORU",2017,"2017-NORU",0.98125,0.976656922955474,0.0376599048424122,1.94359539367863
24,"Mie","2017252N14147","TALIM",2017,"2017-TALIM",0.98125,1.37575608898079,0.0528360439183972,2.74908150714517
24,"Mie","2017288N09138","LAN",2017,"2017-LAN",0.98125,1.12846040205388,0.0434673362178751,2.24811816231837
24,"Mie","2018204N15137","JONGDARI",2018,"2018-JONGDARI",0.98125,1.19553323757382,0.0460195886813233,2.38339332035215
24,"Mie","2018239N11161","JEBI",2018,"2018-JEBI",0.98125,1.14272395469204,0.043999458021818,2.27744596832475
24,"Mie","2018263N12146","TRAMI",2018,"2018-TRAMI",0.98125,1.39488361462596,0.0535958363372922,2.78596527274894
25,"Shiga","2011253N20145","ROKE",2011,"2011-ROKE",0.87375,0.376900394619376,-0.306994971033549,1.10851674012986
25,"Shiga","2012162N06150","GUCHOL",2012,"2012-GUCHOL",0.87375,0.331897331089735,-0.270598807438997,0.975165345842797
25,"Shiga","2012263N15141","JELAWAT",2012,"2012-JELAWAT",0.87375,0.338890430295898,-0.276376193747057,0.995423472368405
25,"Shiga","2013255N20148","MAN-YI",2013,"2013-MAN-YI",0.87375,0.366914054153966,-0.298847293652029,1.07919723897871
25,"Shiga","2014209N12152","HALONG",2014,"2014-HALONG",0.87375,0.327493553761979,-0.266991775821925,0.962289551197191
25,"Shiga","2014275N06166","VONGFONG",2014,"2014-VONGFONG",0.8525,0.727901154156893,-0.601530391999567,2.21283267320437
25,"Shiga","2016256N12146","MALAKAS",2016,"2016-MALAKAS",0.87375,0.274741137196322,-0.224160706544933,0.806616094632788
25,"Shiga","2017200N26162","NORU",2017,"2017-NORU",0.87375,0.375057325711804,-0.305283906764361,1.10389777147952
25,"Shiga","2017252N14147","TALIM",2017,"2017-TALIM",0.87375,0.565013035650608,-0.457466743521127,1.672369163208
25,"Shiga","2017288N09138","LAN",2017,"2017-LAN",0.87375,0.353255712460989,-0.287757295921092,1.03889228363537
25,"Shiga","2018204N15137","JONGDARI",2018,"2018-JONGDARI",0.87375,0.437585808391866,-0.355681542316027,1.28984628106782
25,"Shiga","2018226N23128","RUMBIA",2018,"2018-RUMBIA",0.87375,0.248706770751898,-0.203015834569392,0.729814979991688
25,"Shiga","2018239N11161","JEBI",2018,"2018-JEBI",0.9025,1.36828594869047,-0.628554077414571,3.69223969923964
25,"Shiga","2018263N12146","TRAMI",2018,"2018-TRAMI",0.87375,0.433138748873827,-0.352086922257724,1.27666089775607
25,"Shiga","2019216N16147","KROSA",2019,"2019-KROSA",0.87375,0.239081754511016,-0.195174884421836,0.701510944107286
26,"Kyoto","2011192N18158","MA-ON",2011,"2011-MA-ON",0.2275,-0.496432599089488,-1.65563813530139,0.785093361915493
26,"Kyoto","2011253N20145","ROKE",2011,"2011-ROKE",0.2275,-0.553781560598679,-1.84450551608613,0.877035293458195
26,"Kyoto","2012162N06150","GUCHOL",2012,"2012-GUCHOL",0.2275,-0.524704861302595,-1.748409718357,0.8305945897918
26,"Kyoto","2012263N15141","JELAWAT",2012,"2012-JELAWAT",0.2275,-0.547302219065699,-1.82392065916576,0.8662550176169
26,"Kyoto","2013255N20148","MAN-YI",2013,"2013-MAN-YI",0.2275,-0.562764586363883,-1.87351072191157,0.891739100400957
26,"Kyoto","2014209N12152","HALONG",2014,"2014-HALONG",0.2275,-0.649228891991747,-2.15837752194473,1.03030771438434
26,"Kyoto","2014275N06166","VONGFONG",2014,"2014-VONGFONG",0.23125,-1.30516821433307,-4.20892018385993,2.06826345215239
26,"Kyoto","2016256N12146","MALAKAS",2016,"2016-MALAKAS",0.2275,-0.4274022045823,-1.42521169221525,0.67603040854111
26,"Kyoto","2017200N26162","NORU",2017,"2017-NORU",0.2275,-0.527071222834692,-1.75493802092864,0.835047570948199
26,"Kyoto","2017252N14147","TALIM",2017,"2017-TALIM",0.2275,-0.852159654565305,-2.82047383437552,1.35897054079608
26,"Kyoto","2017288N09138","LAN",2017,"2017-LAN",0.2275,-0.523033356345991,-1.74209437241746,0.82833700567323
26,"Kyoto","2018204N15137","JONGDARI",2018,"2018-JONGDARI",0.2275,-0.801127501191111,-2.65634051551305,1.2750621679556
26,"Kyoto","2018226N23128","RUMBIA",2018,"2018-RUMBIA",0.2275,-0.505980499100382,-1.68443236742285,0.801780299230377
26,"Kyoto","2018239N11161","JEBI",2018,"2018-JEBI",0.2225,-2.07049629042714,-7.28368101762714,3.0875132370001
26,"Kyoto","2018263N12146","TRAMI",2018,"2018-TRAMI",0.2275,-0.636164083416084,-2.11460245775605,1.0097528245004
26,"Kyoto","2019216N16147","KROSA",2019,"2019-KROSA",0.2275,-0.514151377775939,-1.71183260214354,0.814624080477335
27,"Osaka","2011192N18158","MA-ON",2011,"2011-MA-ON",0.2525,-2.99603536537521,-10.479209657255,4.93658259486224
27,"Osaka","2011236N15143","TALAS",2011,"2011-TALAS",0.2525,-2.38542219247142,-8.3579579440666,3.92336423270287
27,"Osaka","2011253N20145","ROKE",2011,"2011-ROKE",0.28125,-3.05930266175559,-12.1023659945513,6.86137980012846
27,"Osaka","2012162N06150","GUCHOL",2012,"2012-GUCHOL",0.2525,-3.00730808470249,-10.5096381016255,4.95958871712299
27,"Osaka","2012263N15141","JELAWAT",2012,"2012-JELAWAT",0.2525,-3.04290794624691,-10.6395336333613,5.0155970956238
27,"Osaka","2013255N20148","MAN-YI",2013,"2013-MAN-YI",0.2525,-3.02636112177325,-10.570615220347,4.99377719479909
27,"Osaka","2014209N12152","HALONG",2014,"2014-HALONG",0.2525,-3.19218485309963,-11.1419319768768,5.27129619706138
27,"Osaka","2014275N06166","VONGFONG",2014,"2014-VONGFONG",0.21375,-7.81782905188939,-25.2568599090168,11.0210276020187
27,"Osaka","2016256N12146","MALAKAS",2016,"2016-MALAKAS",0.2525,-2.46250167406814,-8.61560011670007,4.05623393438487
27,"Osaka","2017200N26162","NORU",2017,"2017-NORU",0.2525,-2.89747436193778,-10.1218155201729,4.78041985546126
27,"Osaka","2017252N14147","TALIM",2017,"2017-TALIM",0.2525,-4.70779485033165,-16.2933032668334,7.84344755231165
27,"Osaka","2017288N09138","LAN",2017,"2017-LAN",0.2525,-2.61900106090263,-9.16011657698397,4.31551004513709
27,"Osaka","2018204N15137","JONGDARI",2018,"2018-JONGDARI",0.2525,-3.98591710939391,-13.8611077135429,6.60747765548664
27,"Osaka","2018226N23128","RUMBIA",2018,"2018-RUMBIA",0.2525,-3.20999000880394,-11.1880965285097,5.30861972738182
27,"Osaka","2018239N11161","JEBI",2018,"2018-JEBI",0.2275,-13.0447130409523,-40.4030746047106,19.575927140626
27,"Osaka","2018263N12146","TRAMI",2018,"2018-TRAMI",0.2525,-3.36025230163216,-11.7129818359973,5.55654399745538
27,"Osaka","2019216N16147","KROSA",2019,"2019-KROSA",0.2525,-2.75865116100763,-9.63809222463925,4.55077386861676
28,"Hyogo","2011192N18158","MA-ON",2011,"2011-MA-ON",0.69875,0.70788159853474,-1.94879781794191,3.68630610516149
28,"Hyogo","2011236N15143","TALAS",2011,"2011-TALAS",0.69875,0.564594692695536,-1.55597117515931,2.93669229183711
28,"Hyogo","2011253N20145","ROKE",2011,"2011-ROKE",0.6475,0.621680783714879,-2.62587768679008,3.87256823824816
28,"Hyogo","2012162N06150","GUCHOL",2012,"2012-GUCHOL",0.69875,0.581611149665889,-1.60252134172658,3.02592612613985
28,"Hyogo","2012263N15141","JELAWAT",2012,"2012-JELAWAT",0.69875,0.592785953702133,-1.63366138486822,3.08333164684319
28,"Hyogo","2013255N20148","MAN-YI",2013,"2013-MAN-YI",0.69875,0.618523027702452,-1.70318631187612,3.22014522996706
28,"Hyogo","2014209N12152","HALONG",2014,"2014-HALONG",0.69875,0.928959463323679,-2.54968306775911,4.85390674874896
28,"Hyogo","2014275N06166","VONGFONG",2014,"2014-VONGFONG",0.69875,0.910281855655512,-2.49958425038758,4.75384770248138
28,"Hyogo","2016256N12146","MALAKAS",2016,"2016-MALAKAS",0.69875,0.521015810364247,-1.43559609886461,2.71059793038002
28,"Hyogo","2017200N26162","NORU",2017,"2017-NORU",0.69875,0.524852668411199,-1.44619555692657,2.73050173709737
28,"Hyogo","2017252N14147","TALIM",2017,"2017-TALIM",0.69875,0.950623621596677,-2.60578477441904,4.97423430580579
28,"Hyogo","2017288N09138","LAN",2017,"2017-LAN",0.69875,0.498829185303691,-1.37506545137776,2.59391081027198
28,"Hyogo","2018204N15137","JONGDARI",2018,"2018-JONGDARI",0.69875,0.939925879043628,-2.57828606706553,4.91437992416182
28,"Hyogo","2018226N23128","RUMBIA",2018,"2018-RUMBIA",0.69875,0.860096840434039,-2.35997370916776,4.49558587122643
28,"Hyogo","2018239N11161","JEBI",2018,"2018-JEBI",0.48875,-0.124419067842283,-11.2196694089818,11.0031341610705
28,"Hyogo","2018263N12146","TRAMI",2018,"2018-TRAMI",0.69875,0.692881246750616,-1.905731893101,3.61191463250986
28,"Hyogo","2019216N16147","KROSA",2019,"2019-KROSA",0.69875,0.686858766343235,-1.88837971739036,3.58218011104505
29,"Nara","2011192N18158","MA-ON",2011,"2011-MA-ON",0.9775,0.518220511108044,0.0126032732848891,1.09032859686538
29,"Nara","2011236N15143","TALAS",2011,"2011-TALAS",0.9775,0.423564260406906,0.0103084258448124,0.890472116072417
29,"Nara","2011253N20145","ROKE",2011,"2011-ROKE",0.98375,0.964933524446757,0.0926174294607316,1.7242211281714
29,"Nara","2012162N06150","GUCHOL",2012,"2012-GUCHOL",0.9775,0.638354963460827,0.015500040257859,1.34551916164135
29,"Nara","2012263N15141","JELAWAT",2012,"2012-JELAWAT",0.9775,0.632920716598623,0.0153743381480775,1.33345519781513
29,"Nara","2013255N20148","MAN-YI",2013,"2013-MAN-YI",0.9775,0.608775932176776,0.0147823443832209,1.2831220367043
29,"Nara","2014209N12152","HALONG",2014,"2014-HALONG",0.9775,0.474596870519111,0.0115406191545638,0.998711758045359
29,"Nara","2014275N06166","VONGFONG",2014,"2014-VONGFONG",0.955,1.27319592133903,-0.187839747044113,2.86478988309449
29,"Nara","2016256N12146","MALAKAS",2016,"2016-MALAKAS",0.9775,0.492134457849918,0.0119597042758107,1.0363340891247
29,"Nara","2017200N26162","NORU",2017,"2017-NORU",0.9775,0.62911336500251,0.0152648257496299,1.32709703455979
29,"Nara","2017252N14147","TALIM",2017,"2017-TALIM",0.9775,0.935886944357389,0.0226150001818118,1.98341727165058
29,"Nara","2017288N09138","LAN",2017,"2017-LAN",0.9775,0.53369636215216,0.0129653224437149,1.1242843811089
29,"Nara","2018204N15137","JONGDARI",2018,"2018-JONGDARI",0.9775,0.714680382133327,0.0173244105508914,1.50922607013995
29,"Nara","2018226N23128","RUMBIA",2018,"2018-RUMBIA",0.9775,0.474027011830518,0.0115183714420129,0.998329309008352
29,"Nara","2018239N11161","JEBI",2018,"2018-JEBI",0.96125,1.87327340222218,-0.187718209141749,4.01026364329244
29,"Nara","2018263N12146","TRAMI",2018,"2018-TRAMI",0.9775,0.675451499226654,0.0163796091300478,1.42578273783862
29,"Nara","2019216N16147","KROSA",2019,"2019-KROSA",0.9775,0.429609815751142,0.0104450493324022,0.904202765913204
30,"Wakayama","2011192N18158","MA-ON",2011,"2011-MA-ON",0.38125,-0.135359717189726,-0.909903559057909,0.707444040835239
30,"Wakayama","2011236N15143","TALAS",2011,"2011-TALAS",0.38125,-0.10343302249569,-0.69660929875642,0.539482861186317
30,"Wakayama","2011253N20145","ROKE",2011,"2011-ROKE",0.3525,-0.203286243778511,-1.08721492913333,0.759587345852405
30,"Wakayama","2012162N06150","GUCHOL",2012,"2012-GUCHOL",0.38125,-0.138653111198696,-0.931137402049879,0.725412859271162
30,"Wakayama","2012263N15141","JELAWAT",2012,"2012-JELAWAT",0.38125,-0.140551803507552,-0.944297774960596,0.735003974160484
30,"Wakayama","2013255N20148","MAN-YI",2013,"2013-MAN-YI",0.38125,-0.122965535580324,-0.826439406769716,0.642791528906154
30,"Wakayama","2014209N12152","HALONG",2014,"2014-HALONG",0.38125,-0.105767517456318,-0.711831109994806,0.552075250193681
30,"Wakayama","2014275N06166","VONGFONG",2014,"2014-VONGFONG",0.59375,0.203266111256163,-1.51899659649779,1.97394457935047
30,"Wakayama","2015188N08194","HALOLA",2015,"2015-HALOLA",0.38125,-0.0913385679232164,-0.615470365478176,0.476138922144715
30,"Wakayama","2016256N12146","MALAKAS",2016,"2016-MALAKAS",0.38125,-0.124963020946531,-0.839051788441733,0.653912696394885
30,"Wakayama","2017200N26162","NORU",2017,"2017-NORU",0.38125,-0.117489445459725,-0.789520588232604,0.614261434243194
30,"Wakayama","2017252N14147","TALIM",2017,"2017-TALIM",0.38125,-0.172761763941057,-1.15430532298432,0.908830578523325
30,"Wakayama","2017288N09138","LAN",2017,"2017-LAN",0.38125,-0.0978286939256883,-0.658549441029005,0.510514009731199
30,"Wakayama","2018204N15137","JONGDARI",2018,"2018-JONGDARI",0.38125,-0.0853196581024243,-0.574890593803985,0.444781439159979
30,"Wakayama","2018226N23128","RUMBIA",2018,"2018-RUMBIA",0.38125,-0.129496333164898,-0.868575778780546,0.678401734058811
30,"Wakayama","2018239N11161","JEBI",2018,"2018-JEBI",0.72625,0.694669167049351,-1.67489535218352,3.04294380942689
30,"Wakayama","2018263N12146","TRAMI",2018,"2018-TRAMI",0.38125,-0.140166977996369,-0.939828508334382,0.73457075614831
30,"Wakayama","2019216N16147","KROSA",2019,"2019-KROSA",0.38125,-0.0944537022574625,-0.63556343319657,0.493123680680622
31,"Tottori","2010243N12146","MALOU",2010,"2010-MALOU",0.60875,0.0372501730487649,-0.203907182071156,0.321952103218939
31,"Tottori","2013274N18152","DANAS",2013,"2013-DANAS",0.60875,0.0440391828468698,-0.240768308866809,0.381188590767678
31,"Tottori","2014275N06166","VONGFONG",2014,"2014-VONGFONG",0.60875,0.0336734790152367,-0.184416375838744,0.290876226517416
31,"Tottori","2015188N08194","HALOLA",2015,"2015-HALOLA",0.60875,0.0356306359182543,-0.19500328729599,0.308025827185326
31,"Tottori","2015226N12151","GONI",2015,"2015-GONI",0.60875,0.0306560784771932,-0.167892692792292,0.264808855884033
31,"Tottori","2016269N15165","CHABA",2016,"2016-CHABA",0.60875,0.0396294557001333,-0.21678039438256,0.342795645729488
31,"Tottori","2017252N14147","TALIM",2017,"2017-TALIM",0.60875,0.0316108876594079,-0.17304982630621,0.273189645149765
31,"Tottori","2018204N15137","JONGDARI",2018,"2018-JONGDARI",0.60875,0.0339681998185135,-0.185884699231534,0.293691544093971
31,"Tottori","2018239N11161","JEBI",2018,"2018-JEBI",0.60875,0.0295663031499611,-0.161925399109275,0.255393420873177
31,"Tottori","2019216N16147","KROSA",2019,"2019-KROSA",0.93625,0.523985542736886,-0.140467207590949,1.2825929154305
31,"Tottori","2019260N20129","TAPAH",2019,"2019-TAPAH",0.60875,0.0413580382018086,-0.225935401164374,0.358306153488223
32,"Shimane","2010218N20127","DIANMU",2010,"2010-DIANMU",0.5975,0.0513636778366813,-0.360730359705796,0.506412663229989
32,"Shimane","2010243N12146","MALOU",2010,"2010-MALOU",0.5975,0.0604051236759879,-0.423569960801647,0.596567932180495
32,"Shimane","2013274N18152","DANAS",2013,"2013-DANAS",0.5975,0.085419029334993,-0.595990939161796,0.848228682254973
32,"Shimane","2015226N12151","GONI",2015,"2015-GONI",0.5975,0.0669022693411438,-0.468001366216464,0.662476316472519
32,"Shimane","2016269N15165","CHABA",2016,"2016-CHABA",0.5975,0.0661694442783549,-0.463114779804722,0.654848449440746
32,"Shimane","2018204N15137","JONGDARI",2018,"2018-JONGDARI",0.5975,0.0470081888182605,-0.329954382335966,0.46375739693356
32,"Shimane","2019216N16147","KROSA",2019,"2019-KROSA",0.5975,0.0580312134069825,-0.406155161798026,0.574309333975931
32,"Shimane","2019260N20129","TAPAH",2019,"2019-TAPAH",0.5975,0.080369390204476,-0.55976594215411,0.799637764858116
33,"Okayama","2011192N18158","MA-ON",2011,"2011-MA-ON",0.23625,-0.426707577747543,-1.62980148383399,0.741317497504135
33,"Okayama","2011236N15143","TALAS",2011,"2011-TALAS",0.23625,-0.351774019156455,-1.34512361136977,0.61046934010767
33,"Okayama","2013274N18152","DANAS",2013,"2013-DANAS",0.23625,-0.282622163902722,-1.08211601566089,0.489847555228999
33,"Okayama","2014209N12152","HALONG",2014,"2014-HALONG",0.23625,-0.346236666297393,-1.32362024023611,0.601003193230277
33,"Okayama","2014275N06166","VONGFONG",2014,"2014-VONGFONG",0.23625,-0.367064852764315,-1.4028593065622,0.637324553313305
33,"Okayama","2015188N08194","HALOLA",2015,"2015-HALOLA",0.23625,-0.40671610714146,-1.55236573971248,0.70705750106081
33,"Okayama","2016256N12146","MALAKAS",2016,"2016-MALAKAS",0.23625,-0.269660975533526,-1.0323081452696,0.467461623635024
33,"Okayama","2017252N14147","TALIM",2017,"2017-TALIM",0.23625,-0.339084537449331,-1.29532805124692,0.589002580843841
33,"Okayama","2018204N15137","JONGDARI",2018,"2018-JONGDARI",0.23625,-0.430954404486741,-1.64349265562564,0.749801447017568
33,"Okayama","2018226N23128","RUMBIA",2018,"2018-RUMBIA",0.23625,-0.286089892568317,-1.09439689392051,0.496290465838143
33,"Okayama","2018239N11161","JEBI",2018,"2018-JEBI",0.35125,-0.274520245133679,-1.64017955454558,1.07267875406916
33,"Okayama","2018263N12146","TRAMI",2018,"2018-TRAMI",0.23625,-0.323179747937669,-1.23563722397429,0.560910654952096
33,"Okayama","2019216N16147","KROSA",2019,"2019-KROSA",0.23625,-0.505551808979895,-1.92258972224716,0.881960047757956
33,"Okayama","2019260N20129","TAPAH",2019,"2019-TAPAH",0.23625,-0.271653492638215,-1.0391436853709,0.471259628996275
34,"Hiroshima","2011192N18158","MA-ON",2011,"2011-MA-ON",0.40125,-0.323292695204387,-2.59121491513192,2.07484293776005
34,"Hiroshima","2011236N15143","TALAS",2011,"2011-TALAS",0.40125,-0.316600874019919,-2.53652095300488,2.03277878224578
34,"Hiroshima","2013274N18152","DANAS",2013,"2013-DANAS",0.40125,-0.35875598047258,-2.86805718547339,2.30863031898616
34,"Hiroshima","2014209N12152","HALONG",2014,"2014-HALONG",0.40125,-0.267277676200898,-2.14422217847912,1.71370542688182
34,"Hiroshima","2014275N06166","VONGFONG",2014,"2014-VONGFONG",0.40125,-0.327178599806551,-2.61952611102317,2.10214861435269
34,"Hiroshima","2015226N12151","GONI",2015,"2015-GONI",0.40125,-0.301574957542378,-2.41519128251074,1.93709285468019
34,"Hiroshima","2016269N15165","CHABA",2016,"2016-CHABA",0.40125,-0.272853358817692,-2.18850233735297,1.74982976251172
34,"Hiroshima","2017252N14147","TALIM",2017,"2017-TALIM",0.40125,-0.268664875085165,-2.15304169170379,1.72452278641885
34,"Hiroshima","2018204N15137","JONGDARI",2018,"2018-JONGDARI",0.40125,-0.316722229225363,-2.5352134477547,2.03546296190313
34,"Hiroshima","2018263N12146","TRAMI",2018,"2018-TRAMI",0.40125,-0.277035432263396,-2.2206889719356,1.77777966790734
34,"Hiroshima","2019216N16147","KROSA",2019,"2019-KROSA",0.40125,-0.405108827164568,-3.22694944286876,2.61676378955628
34,"Hiroshima","2019260N20129","TAPAH",2019,"2019-TAPAH",0.40125,-0.351007183396561,-2.80036688623568,2.26360079132216
35,"Yamaguchi","2013274N18152","DANAS",2013,"2013-DANAS",0.805,0.505714675558572,-0.582834529222931,1.72695831397259
35,"Yamaguchi","2014275N06166","VONGFONG",2014,"2014-VONGFONG",0.805,0.391297492095511,-0.452071666144379,1.33263730681211
35,"Yamaguchi","2015226N12151","GONI",2015,"2015-GONI",0.805,0.600867746061652,-0.690752622860918,2.05763316252258
35,"Yamaguchi","2016269N15165","CHABA",2016,"2016-CHABA",0.805,0.367000856536762,-0.424105149803627,1.24955315865159
35,"Yamaguchi","2018204N15137","JONGDARI",2018,"2018-JONGDARI",0.805,0.372958862689067,-0.430780160533409,1.27052213132579
35,"Yamaguchi","2018263N12146","TRAMI",2018,"2018-TRAMI",0.805,0.324388705339349,-0.375034847214185,1.10390921760354
35,"Yamaguchi","2019216N16147","KROSA",2019,"2019-KROSA",0.805,0.3743874397322,-0.432113077558493,1.27642223465338
35,"Yamaguchi","2019260N20129","TAPAH",2019,"2019-TAPAH",0.805,0.559986362474657,-0.643046364474413,1.91998116255761
36,"Tokushima","2011192N18158","MA-ON",2011,"2011-MA-ON",0.05375,-0.738529542048658,-1.62589521742783,0.207474304851464
36,"Tokushima","2011236N15143","TALAS",2011,"2011-TALAS",0.05375,-0.539752004080235,-1.19264846214145,0.151053073154916
36,"Tokushima","2011253N20145","ROKE",2011,"2011-ROKE",0.135,-0.49719501058054,-1.35777686992454,0.430428213491756
36,"Tokushima","2012162N06150","GUCHOL",2012,"2012-GUCHOL",0.05375,-0.419656137598883,-0.929760024716813,0.117117889055315
36,"Tokushima","2012263N15141","JELAWAT",2012,"2012-JELAWAT",0.05375,-0.463509057687597,-1.02649679829073,0.12941147839662
36,"Tokushima","2013255N20148","MAN-YI",2013,"2013-MAN-YI",0.05375,-0.413187192681134,-0.915175175592861,0.115345626141075
36,"Tokushima","2014209N12152","HALONG",2014,"2014-HALONG",0.05375,-0.729039345807385,-1.60246116078792,0.205147426574502
36,"Tokushima","2014275N06166","VONGFONG",2014,"2014-VONGFONG",0.05375,-0.641060507799835,-1.41288220917455,0.179883902132255
36,"Tokushima","2015188N08194","HALOLA",2015,"2015-HALOLA",0.30625,-0.417920131329964,-1.94284243917891,1.13034054669648
36,"Tokushima","2016256N12146","MALAKAS",2016,"2016-MALAKAS",0.05375,-0.511486433936156,-1.12918852421792,0.143275278909149
36,"Tokushima","2017200N26162","NORU",2017,"2017-NORU",0.05375,-0.410384124435472,-0.908593608113895,0.114612011342744
36,"Tokushima","2017252N14147","TALIM",2017,"2017-TALIM",0.05375,-0.616919645759015,-1.35727743869343,0.17342920277089
36,"Tokushima","2018226N23128","RUMBIA",2018,"2018-RUMBIA",0.05375,-0.497496958696361,-1.09785802173905,0.139415660365052
36,"Tokushima","2018239N11161","JEBI",2018,"2018-JEBI",0.08625,-0.732065198268723,-1.77080526218672,0.32091293140833
36,"Tokushima","2018263N12146","TRAMI",2018,"2018-TRAMI",0.05375,-0.558817271080873,-1.23225548347211,0.156721834809038
36,"Tokushima","2019216N16147","KROSA",2019,"2019-KROSA",0.05375,-0.539339900086993,-1.18875413134584,0.151332533483509
37,"Kagawa","2011192N18158","MA-ON",2011,"2011-MA-ON",0.875,0.302692302898894,-0.19355265390926,0.853018888220939
37,"Kagawa","2011236N15143","TALAS",2011,"2011-TALAS",0.875,0.235121156359348,-0.150526506369926,0.661719692495122
37,"Kagawa","2013255N20148","MAN-YI",2013,"2013-MAN-YI",0.875,0.158427963916477,-0.101589845486501,0.445091500604445
37,"Kagawa","2014209N12152","HALONG",2014,"2014-HALONG",0.875,0.264198862005657,-0.168979061248752,0.744344094101595
37,"Kagawa","2014275N06166","VONGFONG",2014,"2014-VONGFONG",0.875,0.243069506154711,-0.155573733405912,0.68428906993535
37,"Kagawa","2015188N08194","HALOLA",2015,"2015-HALOLA",0.955,0.82478805971655,-0.1290734646397,1.83690443060916
37,"Kagawa","2016256N12146","MALAKAS",2016,"2016-MALAKAS",0.875,0.202937599030498,-0.129944175764808,0.571037604315259
37,"Kagawa","2017252N14147","TALIM",2017,"2017-TALIM",0.875,0.231407697398236,-0.148027505903743,0.651856150808627
37,"Kagawa","2018204N15137","JONGDARI",2018,"2018-JONGDARI",0.875,0.148987239689955,-0.0955411347283385,0.418544333543311
37,"Kagawa","2018226N23128","RUMBIA",2018,"2018-RUMBIA",0.875,0.181884199710311,-0.116501111084619,0.511614268553879
37,"Kagawa","2018239N11161","JEBI",2018,"2018-JEBI",0.97125,0.608406950165644,-0.00436707404172444,1.22478508273713
37,"Kagawa","2018263N12146","TRAMI",2018,"2018-TRAMI",0.875,0.226627167394437,-0.145035362629888,0.638071361275138
37,"Kagawa","2019216N16147","KROSA",2019,"2019-KROSA",0.875,0.276533733084998,-0.176653701726687,0.780136160406303
38,"Ehime","2011192N18158","MA-ON",2011,"2011-MA-ON",0.905,0.6179479383471,-0.299138580983871,1.5763155952048
38,"Ehime","2011236N15143","TALAS",2011,"2011-TALAS",0.905,0.546006404083666,-0.264448757947827,1.39206105518239
38,"Ehime","2014209N12152","HALONG",2014,"2014-HALONG",0.905,0.56900078485706,-0.275381393561891,1.45179836030313
38,"Ehime","2014275N06166","VONGFONG",2014,"2014-VONGFONG",0.905,0.656478582450752,-0.317418009776794,1.67663591399865
38,"Ehime","2015188N08194","HALOLA",2015,"2015-HALOLA",0.905,0.420470040869265,-0.203932433237332,1.07045445772219
38,"Ehime","2016256N12146","MALAKAS",2016,"2016-MALAKAS",0.905,0.51666370159576,-0.25009371696653,1.31803157412831
38,"Ehime","2017252N14147","TALIM",2017,"2017-TALIM",0.905,0.49120367094968,-0.23778251816907,1.253011874241
38,"Ehime","2018239N11161","JEBI",2018,"2018-JEBI",0.905,0.445375757317564,-0.215813306028799,1.13493862386244
38,"Ehime","2018263N12146","TRAMI",2018,"2018-TRAMI",0.905,0.536572603596138,-0.259663952260988,1.36918394181424
38,"Ehime","2019216N16147","KROSA",2019,"2019-KROSA",0.905,0.57839512417242,-0.27954999209199,1.47783201787707
38,"Ehime","2019260N20129","TAPAH",2019,"2019-TAPAH",0.905,0.342719485750166,-0.16622782461931,0.872484685828403
39,"Kochi","2011192N18158","MA-ON",2011,"2011-MA-ON",0.66375,0.283990424749181,-1.02605750496434,1.57197509579822
39,"Kochi","2011236N15143","TALAS",2011,"2011-TALAS",0.66375,0.241218866500013,-0.873449486222714,1.33240634453421
39,"Kochi","2011253N20145","ROKE",2011,"2011-ROKE",0.63625,0.246280948431968,-0.942043044288693,1.53575989253671
39,"Kochi","2012263N15141","JELAWAT",2012,"2012-JELAWAT",0.66375,0.184199837021504,-0.670216956376317,1.01277162218609
39,"Kochi","2013255N20148","MAN-YI",2013,"2013-MAN-YI",0.66375,0.158596476631907,-0.577478037450375,0.871395084922067
39,"Kochi","2014209N12152","HALONG",2014,"2014-HALONG",0.66375,0.289244364610342,-1.04190887339092,1.60566551488228
39,"Kochi","2014275N06166","VONGFONG",2014,"2014-VONGFONG",0.66375,0.291951967603337,-1.05195225020467,1.62026757719165
39,"Kochi","2015188N08194","HALOLA",2015,"2015-HALOLA",0.88,1.34403983146745,-0.976599404454063,3.7285098422397
39,"Kochi","2016256N12146","MALAKAS",2016,"2016-MALAKAS",0.66375,0.253845605201208,-0.915402972382816,1.40767324485447
39,"Kochi","2017182N15132","NANMADOL",2017,"2017-NANMADOL",0.66375,0.180526043710497,-0.65545279492128,0.994588627089291
39,"Kochi","2017200N26162","NORU",2017,"2017-NORU",0.66375,0.153902843099992,-0.55993194739338,0.846261743730225
39,"Kochi","2017252N14147","TALIM",2017,"2017-TALIM",0.66375,0.244045057933739,-0.879871749454073,1.35360400675731
39,"Kochi","2018226N23128","RUMBIA",2018,"2018-RUMBIA",0.66375,0.135757311373041,-0.494317744775799,0.745905507148461
39,"Kochi","2018239N11161","JEBI",2018,"2018-JEBI",0.66625,0.278123726578452,-0.898163519247395,1.49359694406327
39,"Kochi","2018263N12146","TRAMI",2018,"2018-TRAMI",0.66375,0.247161636893072,-0.891680523976186,1.37004718841782
39,"Kochi","2019216N16147","KROSA",2019,"2019-KROSA",0.66375,0.232565248333991,-0.838713324250506,1.2895912161866
40,"Fukuoka","2013274N18152","DANAS",2013,"2013-DANAS",0.83375,1.40163939489008,-1.30285138075883,4.24231341629516
40,"Fukuoka","2014275N06166","VONGFONG",2014,"2014-VONGFONG",0.83375,1.26296050839876,-1.17503589163126,3.81889526694364
40,"Fukuoka","2015226N12151","GONI",2015,"2015-GONI",0.83375,2.90844467865146,-2.67983323368919,8.88383327256648
40,"Fukuoka","2018204N15137","JONGDARI",2018,"2018-JONGDARI",0.83375,1.40808647718143,-1.30869805127309,4.26232089395225
40,"Fukuoka","2018263N12146","TRAMI",2018,"2018-TRAMI",0.71375,1.73051992176036,-4.23480489297305,7.90651851158786
40,"Fukuoka","2019213N17155","FRANCISCO",2019,"2019-FRANCISCO",0.83375,1.24041344882481,-1.15374159224036,3.75178846578328
40,"Fukuoka","2019216N16147","KROSA",2019,"2019-KROSA",0.58125,0.310434845803144,-2.9733152835772,3.65438292665473
40,"Fukuoka","2019260N20129","TAPAH",2019,"2019-TAPAH",0.83375,2.17016950738278,-2.00523004393773,6.60929689341503
41,"Saga","2013274N18152","DANAS",2013,"2013-DANAS",0.57125,0.0317711735451898,-0.286682402248096,0.417767917735544
41,"Saga","2014275N06166","VONGFONG",2014,"2014-VONGFONG",0.57125,0.0292421694149745,-0.264012074612206,0.384251215489667
41,"Saga","2015188N08194","HALOLA",2015,"2015-HALOLA",0.57125,0.0324096070062669,-0.292411192249665,0.426218953376887
41,"Saga","2015226N12151","GONI",2015,"2015-GONI",0.57125,0.0590943896606131,-0.530426818261137,0.781995963697002
41,"Saga","2018204N15137","JONGDARI",2018,"2018-JONGDARI",0.57125,0.0303070706962121,-0.273491705052623,0.398480267957326
41,"Saga","2018263N12146","TRAMI",2018,"2018-TRAMI",0.88625,0.473866821976991,-0.233048002969222,1.28992549723185
41,"Saga","2019213N17155","FRANCISCO",2019,"2019-FRANCISCO",0.57125,0.0325453181679016,-0.293527611723987,0.428193075120546
41,"Saga","2019216N16147","KROSA",2019,"2019-KROSA",0.98625,0.466014960074784,0.0550340901736506,0.966447080691426
41,"Saga","2019260N20129","TAPAH",2019,"2019-TAPAH",0.57125,0.0493363398804512,-0.443105557601685,0.65239441215269
42,"Nagasaki","2012263N15141","JELAWAT",2012,"2012-JELAWAT",0.89125,0.839813093222741,-0.442460217056611,2.17642199017947
42,"Nagasaki","2013274N18152","DANAS",2013,"2013-DANAS",0.89125,0.861489184326693,-0.453582253187169,2.23410242454371
42,"Nagasaki","2014184N08147","NEOGURI",2014,"2014-NEOGURI",0.89125,0.698292133722251,-0.368398749106708,1.80714613542233
42,"Nagasaki","2014275N06166","VONGFONG",2014,"2014-VONGFONG",0.89125,0.809617151791141,-0.426704015414409,2.09739742728613
42,"Nagasaki","2015188N08194","HALOLA",2015,"2015-HALOLA",0.89125,0.854419978210291,-0.449752854545859,2.21631285361435
42,"Nagasaki","2015226N12151","GONI",2015,"2015-GONI",0.89125,1.02389366865896,-0.537405505043164,2.66381579249903
42,"Nagasaki","2017182N15132","NANMADOL",2017,"2017-NANMADOL",0.89125,0.796811915778996,-0.419617402662052,2.06592823333553
42,"Nagasaki","2017252N14147","TALIM",2017,"2017-TALIM",0.89125,0.655391930400764,-0.345674848197473,1.6965801142058
42,"Nagasaki","2018179N19134","PRAPIROON",2018,"2018-PRAPIROON",0.89125,0.755613079268823,-0.398017901207298,1.95862217173662
42,"Nagasaki","2018263N12146","TRAMI",2018,"2018-TRAMI",0.92375,1.98368052959687,-0.653340300319089,4.97205558087806
42,"Nagasaki","2019260N20129","TAPAH",2019,"2019-TAPAH",0.89125,1.171363039984,-0.611922096741435,3.06227866652757
43,"Kumamoto","2013243N26122","TORAJI",2013,"2013-TORAJI",0.88,0.349647332830862,-0.193173584610913,1.01679176634523
43,"Kumamoto","2014275N06166","VONGFONG",2014,"2014-VONGFONG",0.88,0.450335371366215,-0.24847269307067,1.31171689065859
43,"Kumamoto","2015188N08194","HALOLA",2015,"2015-HALOLA",0.88,0.369797282140816,-0.204192361860693,1.07612003735834
43,"Kumamoto","2015226N12151","GONI",2015,"2015-GONI",0.88,0.876155445997526,-0.480363309005994,2.57192681651827
43,"Kumamoto","2016256N12146","MALAKAS",2016,"2016-MALAKAS",0.88,0.366503219719139,-0.202334982781733,1.06678201649563
43,"Kumamoto","2017182N15132","NANMADOL",2017,"2017-NANMADOL",0.88,0.500069845614462,-0.275588502433974,1.45868298560728
43,"Kumamoto","2017252N14147","TALIM",2017,"2017-TALIM",0.88,0.372341204132645,-0.205503481111588,1.08412561259257
43,"Kumamoto","2018204N15137","JONGDARI",2018,"2018-JONGDARI",0.88,0.330363126320151,-0.182492723098459,0.960883956135106
43,"Kumamoto","2018226N23128","RUMBIA",2018,"2018-RUMBIA",0.9925,1.00391750670225,0.199230790792512,1.81508821772476
43,"Kumamoto","2018263N12146","TRAMI",2018,"2018-TRAMI",0.88,0.477585355269845,-0.263288123619579,1.39250895711689
43,"Kumamoto","2019213N17155","FRANCISCO",2019,"2019-FRANCISCO",0.88,0.416480335756525,-0.229765294784418,1.21328528776962
43,"Kumamoto","2019216N16147","KROSA",2019,"2019-KROSA",0.99125,1.08939043083172,0.152661850110895,2.12012688111805
43,"Kumamoto","2019260N20129","TAPAH",2019,"2019-TAPAH",0.88,0.376082009279195,-0.207488184651756,1.09553300669253
44,"Oita","2011192N18158","MA-ON",2011,"2011-MA-ON",0.95625,0.596477419471348,-0.0697094244972989,1.27992083067282
44,"Oita","2014209N12152","HALONG",2014,"2014-HALONG",0.95625,0.525418775840816,-0.0614177202355838,1.12720453070552
44,"Oita","2014275N06166","VONGFONG",2014,"2014-VONGFONG",0.95625,0.768574505192468,-0.0895744314043188,1.65384012785896
44,"Oita","2015226N12151","GONI",2015,"2015-GONI",0.95625,0.691788003291705,-0.0806414729877955,1.48830443431774
44,"Oita","2016256N12146","MALAKAS",2016,"2016-MALAKAS",0.95625,0.575881019274568,-0.0672312036701491,1.23705287941929
44,"Oita","2017182N15132","NANMADOL",2017,"2017-NANMADOL",0.95625,0.535185115778525,-0.0625303485184631,1.14869692346657
44,"Oita","2017252N14147","TALIM",2017,"2017-TALIM",0.95625,0.560913368713081,-0.0654795202405152,1.20498089460029
44,"Oita","2018226N23128","RUMBIA",2018,"2018-RUMBIA",0.95625,0.447817435529483,-0.0523601715893164,0.960471601335708
44,"Oita","2018263N12146","TRAMI",2018,"2018-TRAMI",0.95625,0.723057540689254,-0.084242910433416,1.5563967702131
44,"Oita","2019216N16147","KROSA",2019,"2019-KROSA",0.95625,0.584149589857031,-0.0681373743321108,1.25592120167748
44,"Oita","2019260N20129","TAPAH",2019,"2019-TAPAH",0.95625,0.545964272177354,-0.0637100862635231,1.17332127638988
45,"Miyazaki","2011192N18158","MA-ON",2011,"2011-MA-ON",0.94,0.548276948523455,-0.166025279081771,1.30935037874597
45,"Miyazaki","2013243N26122","TORAJI",2013,"2013-TORAJI",0.94,0.716333384454018,-0.216266112992937,1.71610338119066
45,"Miyazaki","2014184N08147","NEOGURI",2014,"2014-NEOGURI",0.94,0.625446849736782,-0.188971147126498,1.49716056564103
45,"Miyazaki","2014209N12152","HALONG",2014,"2014-HALONG",0.94,0.572265997321242,-0.173088651578244,1.36831071204385
45,"Miyazaki","2014275N06166","VONGFONG",2014,"2014-VONGFONG",0.9775,1.88848471237051,0.042675329239496,3.88982397075837
45,"Miyazaki","2015226N12151","GONI",2015,"2015-GONI",0.94,0.602805589048504,-0.182165296026996,1.44267115078551
45,"Miyazaki","2016256N12146","MALAKAS",2016,"2016-MALAKAS",0.94,0.776767903289976,-0.233962951842852,1.86549794534203
45,"Miyazaki","2017182N15132","NANMADOL",2017,"2017-NANMADOL",0.94,0.42126295947174,-0.127684889715445,1.00502098158968
45,"Miyazaki","2017200N26162","NORU",2017,"2017-NORU",0.94,0.433480513123474,-0.131346177452846,1.03451591253777
45,"Miyazaki","2017252N14147","TALIM",2017,"2017-TALIM",0.94,0.733696672609533,-0.221020766314249,1.76179692076296
45,"Miyazaki","2018204N15137","JONGDARI",2018,"2018-JONGDARI",0.94,0.496425599869124,-0.150242611700469,1.18620034788491
45,"Miyazaki","2018263N12146","TRAMI",2018,"2018-TRAMI",0.94,0.846160552372655,-0.254571743279246,2.03462136459787
45,"Miyazaki","2019213N17155","FRANCISCO",2019,"2019-FRANCISCO",0.94,0.568197011482319,-0.171713265084921,1.35978917986536
45,"Miyazaki","2019216N16147","KROSA",2019,"2019-KROSA",0.9925,1.34148490407271,0.248910714286725,2.49614818326259
46,"Kagoshima","2012215N23146","HAIKUI",2012,"2012-HAIKUI",0.87375,1.02663255837406,-0.745885723355384,2.72216747832155
46,"Kagoshima","2013243N26122","TORAJI",2013,"2013-TORAJI",0.87375,1.35415178841841,-0.978959742845262,3.60747514753892
46,"Kagoshima","2014184N08147","NEOGURI",2014,"2014-NEOGURI",0.87375,1.27820023534149,-0.923936161897401,3.4055422789825
46,"Kagoshima","2014209N12152","HALONG",2014,"2014-HALONG",0.87375,0.916087121708294,-0.665575236193846,2.4290343314173
46,"Kagoshima","2014275N06166","VONGFONG",2014,"2014-VONGFONG",0.95125,3.84781144599862,-0.614247064639333,8.39110304686005
46,"Kagoshima","2015188N08194","HALOLA",2015,"2015-HALOLA",0.87375,1.03483683182517,-0.750620979005009,2.74814015598906
46,"Kagoshima","2015226N12151","GONI",2015,"2015-GONI",0.87375,1.65702081987399,-1.19118486011912,4.43790559018394
46,"Kagoshima","2016244N21123","NAMTHEUN",2016,"2016-NAMTHEUN",0.87375,0.842287243789752,-0.612165032170152,2.23263578494434
46,"Kagoshima","2016256N12146","MALAKAS",2016,"2016-MALAKAS",0.95125,2.52007530370917,-0.447818373418467,5.26050087873006
46,"Kagoshima","2017200N26162","NORU",2017,"2017-NORU",0.87375,0.909098953792107,-0.660271348333525,2.41128407341716
46,"Kagoshima","2017252N14147","TALIM",2017,"2017-TALIM",0.87375,1.31976522426837,-0.951784913218599,3.52395202580661
46,"Kagoshima","2018204N15137","JONGDARI",2018,"2018-JONGDARI",0.87375,1.1331848977133,-0.82032419537921,3.01496645893115
46,"Kagoshima","2018226N23128","RUMBIA",2018,"2018-RUMBIA",0.87375,0.742222735927129,-0.539928848900852,1.96571815736445
46,"Kagoshima","2018263N12146","TRAMI",2018,"2018-TRAMI",0.87375,1.66420597672095,-1.19578173656573,4.45915695358451
46,"Kagoshima","2019216N16147","KROSA",2019,"2019-KROSA",0.87375,0.892053704144345,-0.647459669771593,2.36755953450537
47,"Okinawa","2010243N12146","MALOU",2010,"2010-MALOU",0.96,3.4578679126214,-0.61853924927452,7.63177940228322
47,"Okinawa","2011126N11129","AERE",2011,"2011-AERE",0.95875,1.29589962859433,-0.213087217864187,2.81998809853786
47,"Okinawa","2011140N08142","SONGDA",2011,"2011-SONGDA",0.95875,2.73496629751178,-0.443859253751592,6.02982520474676
47,"Okinawa","2011208N09145","MUIFA",2011,"2011-MUIFA",0.96,4.11280298753703,-0.472971134533149,8.91406963569067
47,"Okinawa","2012162N06150","GUCHOL",2012,"2012-GUCHOL",0.95875,1.26568535025533,-0.207941716294616,2.75657195539634
47,"Okinawa","2012232N13141","BOLAVEN",2012,"2012-BOLAVEN",0.95875,2.41103518381078,-0.391726443575633,5.30969700022297
47,"Okinawa","2012263N15141","JELAWAT",2012,"2012-JELAWAT",0.99375,9.79338224852588,2.13260185413644,18.3761832766201
47,"Okinawa","2013274N18152","DANAS",2013,"2013-DANAS",0.95875,1.34030205407915,-0.219948145959456,2.92241223630792
47,"Okinawa","2013289N14149","FRANCISCO",2013,"2013-FRANCISCO",0.99625,2.57586580113484,0.621125535320048,4.52766718701379
47,"Okinawa","2014184N08147","NEOGURI",2014,"2014-NEOGURI",0.95875,1.16293391974854,-0.191272167194497,2.53000294163647
47,"Okinawa","2014209N16134","NAKRI",2014,"2014-NAKRI",0.96,2.96923340012179,-0.523421403842937,6.55851819826244
47,"Okinawa","2014275N06166","VONGFONG",2014,"2014-VONGFONG",0.95875,2.18675089731977,-0.355875600434496,4.80779374717196
47,"Okinawa","2015188N08194","HALOLA",2015,"2015-HALOLA",0.95875,1.1316198915934,-0.186200980833671,2.46083933620942
47,"Okinawa","2015226N12151","GONI",2015,"2015-GONI",0.95875,1.23870834471367,-0.203487036488602,2.69811540154777
47,"Okinawa","2016269N15165","CHABA",2016,"2016-CHABA",0.95875,1.57421140009313,-0.257905762861578,3.43809398423874
47,"Okinawa","2017252N14147","TALIM",2017,"2017-TALIM",0.95875,1.02724902307024,-0.169190055769385,2.23174186410873
47,"Okinawa","2017292N13151","SAOLA",2017,"2017-SAOLA",0.95875,1.74201092622493,-0.285006285262156,3.80975890136654
47,"Okinawa","2018165N22117","GAEMI",2018,"2018-GAEMI",0.95875,1.31085879350946,-0.215036992761929,2.85926339395186
47,"Okinawa","2018179N19134","PRAPIROON",2018,"2018-PRAPIROON",0.99875,2.96705413915113,0.750795270239899,5.248066606313
47,"Okinawa","2018184N10147","MARIA",2018,"2018-MARIA",0.89125,1.30810075147041,-0.652995740059496,3.29199048812974
47,"Okinawa","2018204N15137","JONGDARI",2018,"2018-JONGDARI",0.99875,2.280242109327,0.569912584545515,4.01062508780022
47,"Okinawa","2018263N12146","TRAMI",2018,"2018-TRAMI",0.95875,4.5649808464727,-0.876762835399098,10.3054957668466
47,"Okinawa","2019260N20129","TAPAH",2019,"2019-TAPAH",0.95875,1.68323976418073,-0.274745835035378,3.68984355907365
